Date,Region,Energy_Source,Energy_Generated_MWh,Energy_Consumed_MWh,Cost_USD,Efficiency_Percent,CO2_Saved_Tons,Installed_Capacity_MW,Revenue_USD,Storage_MWh,Grid_Feed_MWh
2022/06/30,East,Solar,201.19,155.89,91.75,,95.67,500,8668.7,27.38,45.3
2022-01-01,South,Wind,150.73,,61.69,36.76,95.3,600,7567.44,14.17,54.25
05-01-2022,Central,Biomass,80.39,58.66,43.45,25.31,22.77,200,3567.52,7.16,21.73
28-Sep-2022,East,Wind,115.39,101.33,46.66,32.77,71.44,600,5531.29,18.3,14.06
04-20-2024,Central,Wind,126.05,91.71,51.98,33.14,76.24,640,5333.33,19.41,34.34
2022/06/30,South,Geothermal,40.21,35.7,19.14,14.62,14.78,150,2662.05,6.43,4.51
2022-06-30,East,Wind,85.33,78.49,33.99,34.44,49.37,600,4478.78,13.49,6.84
2023/03/27,West,Wind,203.07,187.71,77.43,34.55,113.68,620,12611.88,25.12,15.36
2022/12/27,Central,Hydro,73.24,61.64,20.57,90.86,30.31,300,,3.79,11.6
28-Sep-2022,East,Biomass,52.86,32.52,29.25,23.65,16.82,200,3366.48,5.67,20.34
18/08/2024,East,Wind,81.1,68.4,28.04,32.05,52.86,640,4346.39,7.62,12.7
07-30-2022,Central,Solar,221.56,142.07,90.8,22.59,112.56,500,12987.77,26.77,79.49
26/05/2023,South,Geothermal,36.29,33.44,18.26,14.45,12.43,170,1815.99,6.61,2.85
01/01/2022,Central,Hydro,73.86,46.12,22.89,86.94,28.44,300,4833.43,11.67,27.74
2023/01/26,West,Solar,76.76,,34.4,23.31,40.85,520,4112.28,6.61,16.43
31-May-2022,South,Wind,69.74,56.14,25.87,36.91,40.13,600,3305.22,4.26,13.6
24-Aug-2023,Central,Wind,72.08,56.54,28.63,,44.14,620,3700.32,3.83,
2023/06/25,South,Hydro,83.96,70.91,22.89,96.94,31.29,320,5581.38,10.97,13.05
08-18-2024,North,Wind,122.28,102.03,43.57,35.79,77.58,640,7834.15,18.74,20.25
2022-04-01,North,Solar,120.16,79.35,51.34,21.73,59.35,500,6690.8,8.87,40.81
06-19-2024,West,Solar,266.12,213.44,115.71,20.66,123.14,540,13214.18,,52.68
2022/03/02,Central,Wind,141.29,118.88,52.21,34.56,78.09,600,7498.3,15.55,22.41
2022/01/31,North,Hydro,62.71,42.88,18.59,93.84,23.75,300,3140.23,11.54,19.83
02-25-2023,South,Biomass,61.44,45.72,36.64,23.32,17.39,220,3385.44,10.74,15.72
2024-02-20,South,Hydro,63.52,55.95,18.87,87.71,25.27,340,3179.3,8.27,7.57
2022/01/01,North,Wind,218.43,197.52,87.3,32.62,129.03,600,,17.98,20.91
01-21-2024,East,Wind,219.46,198.36,84.8,33.64,134.95,640,11433.44,19.36,21.1
28/10/2022,East,Hydro,78.01,67.98,21.4,89.46,29.28,300,5089.85,,10.03
2022/01/01,Central,Geothermal,47.21,,21.69,16.36,15.65,150,2328.05,8.07,8.65
2022/10/28,East,Solar,131.07,110.05,56.44,23.07,69.58,500,6866.38,,
2022-08-29,South,Biomass,59.26,52.17,32.25,26.78,,200,2581.44,7.38,7.09
17/10/2024,South,Solar,155.4,,70.24,22.84,74.15,540,9284.97,26.41,22.93
2022-12-27,West,Geothermal,28.51,23.05,15.17,16.01,10.48,150,1493.59,3.06,5.46
2024/09/17,East,Biomass,63.33,38.31,34.34,24.14,18.03,240,3444.89,4.11,25.02
20-Feb-2024,South,Solar,119.64,80.63,,21.29,61.66,540,6313.56,11.1,39.01
2024/03/21,West,Biomass,44.34,38.6,22.95,23.41,12.04,240,2574.28,7.84,5.74
04-01-2022,Central,Biomass,58.95,38.66,35.64,24.83,,200,3237.6,3.74,20.29
03-21-2024,Central,Geothermal,42.5,25.88,19.25,14.91,15.57,190,1884.03,4.72,16.62
2024/11/16,East,Biomass,48.51,29.89,25.26,,15.2,240,2018.11,7.28,18.62
26-Apr-2023,North,Geothermal,28.97,18.0,13.09,15.23,10.25,170,1391.59,4.27,10.97
01-01-2022,South,Geothermal,39.26,30.67,18.14,14.17,13.3,150,2263.31,3.32,8.59
07-30-2022,North,Hydro,123.98,85.9,35.33,82.22,47.18,300,5361.02,6.22,38.08
04-01-2022,Central,Geothermal,45.5,40.79,22.44,16.15,16.65,150,2862.66,4.77,4.71
05-31-2022,North,Biomass,56.09,50.5,,25.14,15.29,200,2599.35,,5.59
2024-03-21,West,Wind,197.89,151.18,77.46,32.84,108.6,640,11976.02,34.17,46.71
2023-02-25,South,Geothermal,37.17,24.01,16.79,14.54,13.51,170,1641.81,4.32,13.16
08-29-2022,East,Solar,214.3,200.92,92.42,22.1,111.48,500,8866.31,15.99,13.38
2024-10-17,East,Hydro,103.8,70.48,28.86,83.12,44.94,340,4787.77,,33.32
2023-03-27,South,Hydro,83.12,71.88,23.93,96.47,30.99,320,4419.11,8.11,11.24
02-20-2024,East,Wind,180.51,109.72,74.77,33.3,111.62,640,12001.71,31.68,70.79
04-26-2023,West,Geothermal,24.63,15.02,11.44,,8.49,170,,2.36,9.61
09-23-2023,East,Geothermal,36.89,,17.76,13.75,12.69,170,1973.72,6.7,6.69
10-28-2022,North,Biomass,47.66,35.46,25.43,25.9,14.6,200,2731.19,7.03,12.2
03-02-2022,South,Hydro,61.78,42.12,16.77,96.92,25.02,300,4167.54,5.14,19.66
21-Jan-2024,Central,Hydro,78.72,,23.99,87.28,32.38,340,4210.75,11.39,17.99
2023/08/24,East,Biomass,51.17,41.21,30.46,25.77,14.4,220,3128.52,,9.96
20-May-2024,South,Solar,286.5,266.56,,20.09,135.98,540,12675.17,55.6,19.94
2022-11-27,South,Solar,113.95,97.88,48.32,22.2,59.83,500,6434.07,16.35,16.07
21/01/2024,East,Solar,81.77,77.49,33.16,22.89,38.43,540,3501.02,,4.28
2022-05-31,South,Solar,240.06,225.9,98.38,,128.16,500,12055.28,39.69,14.16
03-21-2024,Central,Wind,157.71,146.78,54.13,34.16,93.11,640,10857.87,10.25,10.93
2024/10/17,Central,Geothermal,44.95,38.27,21.07,15.44,15.42,190,2124.64,6.79,6.68
30-Jun-2022,North,Wind,91.82,85.88,32.81,36.32,51.04,600,5463.28,6.78,5.94
2023-12-22,West,Solar,91.75,66.93,42.52,21.47,45.31,520,5070.11,12.68,24.82
2022-11-27,Central,Geothermal,49.48,33.05,26.39,16.27,17.25,150,2683.55,2.74,16.43
27-Dec-2022,East,Solar,65.32,41.68,31.24,23.19,31.87,,3581.42,9.73,23.64
27-Dec-2022,South,Hydro,45.06,30.57,14.49,92.1,,300,2332.41,6.98,14.49
2022/11/27,Central,Hydro,84.14,54.3,25.56,,,300,4608.78,6.48,29.84
12-27-2022,West,Biomass,37.49,30.57,19.69,23.78,11.79,200,2178.72,6.99,
25-Feb-2023,West,Biomass,46.26,31.03,,24.95,13.22,220,2327.27,8.28,15.23
29-Aug-2022,North,Hydro,111.05,66.74,34.46,97.32,47.4,300,6670.85,8.04,44.31
01/04/2022,East,Geothermal,39.75,25.84,20.3,15.84,12.62,150,1670.18,6.63,13.91
01-01-2022,East,Wind,198.41,126.63,70.75,35.25,110.48,600,9028.58,,71.78
2022/04/01,Central,Solar,,,67.38,22.46,76.61,500,8160.68,24.92,24.3
25-Jun-2023,South,Solar,263.9,211.46,114.25,20.69,137.67,520,14189.56,21.18,52.44
2023/12/22,North,Solar,57.53,42.02,27.53,,31.51,520,3506.47,8.48,15.51
23-Sep-2023,West,Solar,176.22,130.36,72.53,21.51,87.45,520,7543.11,21.13,45.86
11-22-2023,South,Solar,124.8,93.56,55.27,21.61,56.51,520,7084.56,24.16,31.24
2022-03-02,South,Biomass,55.23,43.53,29.7,24.36,18.06,200,3363.2,7.24,11.7
06-30-2022,South,Biomass,69.93,59.82,41.13,22.79,19.24,200,3708.7,8.25,10.11
24-Aug-2023,North,Solar,173.96,115.52,85.89,23.31,87.02,520,8397.86,19.86,58.44
2022-05-31,Central,Biomass,82.06,74.14,41.77,26.83,23.39,200,5033.71,14.3,7.92
2024/08/18,North,Solar,172.48,141.6,73.76,20.98,82.29,540,8394.33,21.91,30.88
16-Nov-2024,South,Solar,146.05,124.61,71.72,23.84,74.66,540,8054.16,23.92,
04-01-2022,South,Hydro,91.34,,26.23,95.94,37.97,300,4033.92,14.23,32.14
25-Jul-2023,North,Geothermal,31.64,26.3,14.25,15.41,12.05,170,1571.42,4.59,5.34
2024/09/17,South,Wind,103.46,,40.96,37.77,64.02,640,5268.83,11.24,30.43
17/10/2024,East,Solar,113.95,95.85,51.7,22.69,59.21,540,4579.73,20.09,18.1
18-Aug-2024,West,Solar,276.8,257.47,120.92,22.46,144.44,540,17294.55,45.05,19.33
2024/10/17,South,Wind,133.92,107.28,55.21,37.95,82.4,,9283.81,6.76,26.64
20-Feb-2024,East,Solar,104.61,71.7,50.14,23.47,54.74,540,5827.48,12.42,32.91
10-17-2024,North,Biomass,46.8,35.67,23.48,26.94,12.8,,2516.08,4.37,11.13
2022-08-29,West,Solar,222.51,135.47,93.03,22.75,104.58,500,,16.5,87.04
22-Dec-2023,East,Solar,82.51,64.53,35.77,20.66,41.88,520,5555.57,8.19,17.98
22-Nov-2023,East,Geothermal,39.57,29.56,18.06,15.34,12.78,170,2588.04,2.41,10.01
2024/04/20,North,Hydro,119.4,112.91,34.15,97.19,46.12,340,6118.43,,6.49
01-21-2024,Central,Biomass,58.7,49.59,,26.65,18.65,240,2507.82,9.74,9.11
2024/01/21,South,Wind,169.6,105.26,64.36,34.38,106.65,640,11029.04,9.41,64.34
2023/08/24,North,Hydro,130.14,96.55,39.95,97.4,54.62,320,7993.82,20.22,33.59
2023/03/27,South,Solar,145.62,114.56,68.15,20.3,73.48,520,7899.25,12.66,
27-Nov-2022,North,Wind,187.11,146.61,68.53,35.45,108.38,600,11401.18,13.66,40.5
2023/01/26,East,Wind,172.52,150.94,65.36,32.31,111.69,620,10634.49,23.96,21.58
27-Nov-2022,North,Geothermal,25.9,22.96,12.17,14.62,9.53,,1698.6,1.73,2.94
04-20-2024,West,Solar,164.49,151.7,78.49,23.01,,540,7830.62,28.42,12.79
2024/08/18,North,Biomass,62.98,37.86,32.48,27.17,20.51,240,3378.42,12.51,25.12
2022/12/27,South,Wind,147.33,105.53,52.61,36.81,93.87,600,6240.36,27.76,41.8
19-Jul-2024,North,Hydro,142.83,93.96,42.78,91.09,54.68,340,9941.46,25.51,48.87
21/03/2024,South,Solar,,131.95,78.31,20.24,88.99,540,10132.35,16.61,42.9
24/08/2023,East,Solar,188.13,121.59,76.84,24.16,102.14,520,9931.21,26.8,66.54
19/06/2024,West,Hydro,118.97,85.01,38.01,89.69,44.22,340,5732.3,11.66,33.96
2023-03-27,South,Wind,134.32,117.68,48.38,35.37,77.52,620,9235.11,14.03,16.64
24/08/2023,West,Biomass,45.95,37.4,24.39,22.79,14.66,220,2973.79,3.81,8.55
2022/05/01,West,Wind,99.67,89.81,34.99,38.45,58.52,600,4367.58,19.62,9.86
10-28-2022,South,Biomass,,51.77,35.03,22.95,19.43,200,3527.38,4.94,15.59
07-30-2022,West,Hydro,128.41,105.84,41.31,85.7,53.53,300,8574.09,12.18,22.57
02-20-2024,South,Geothermal,,28.82,17.96,14.47,14.29,190,2301.05,4.12,10.94
2023-08-24,Central,Biomass,60.12,42.32,33.14,26.68,16.74,220,4049.98,3.22,17.8
01-Apr-2022,East,Hydro,128.76,117.57,37.75,98.53,51.46,300,7072.23,24.29,11.19
03-21-2024,North,Geothermal,33.51,21.18,15.72,15.99,10.7,190,2248.32,4.3,12.33
22/11/2023,North,Biomass,46.29,42.65,24.39,22.66,15.09,220,2197.01,7.03,3.64
2022/05/31,East,Hydro,106.73,82.96,34.71,93.45,43.06,300,6801.01,11.09,
19-Jun-2024,North,Solar,189.51,125.77,92.0,24.07,103.22,540,10802.73,34.65,63.74
28-Oct-2022,North,Geothermal,31.19,20.3,14.56,15.92,10.56,150,1838.28,4.23,10.89
2022-10-28,East,Geothermal,32.23,24.24,14.55,15.88,11.47,150,1671.91,2.79,7.99
25-Jul-2023,West,Wind,87.56,80.38,31.44,35.61,57.66,620,4761.95,13.49,7.18
28/09/2022,South,Wind,94.79,61.53,,35.46,57.62,600,6271.86,6.82,33.26
2022/11/27,West,Hydro,61.71,53.62,20.04,91.18,25.47,300,2746.26,11.13,8.09
02-20-2024,West,Hydro,73.15,60.9,22.77,92.4,30.06,340,4028.31,9.5,
24/08/2023,West,Solar,217.41,203.18,89.24,24.08,101.97,520,14009.03,27.01,14.23
2023/01/26,Central,Hydro,79.52,56.18,,95.21,29.72,320,3801.07,9.75,23.34
2022/05/01,North,Wind,112.38,104.06,41.15,34.25,69.0,,7335.95,15.63,8.32
2024-02-20,South,Wind,138.5,118.62,,34.33,88.2,640,6208.47,9.6,19.88
21/03/2024,South,Hydro,76.71,54.6,25.2,89.47,28.62,340,3219.27,8.81,22.11
18/08/2024,Central,Geothermal,50.32,45.07,23.75,16.37,17.49,190,2244.16,3.26,5.25
2022/08/29,Central,Wind,83.24,50.66,31.74,36.89,50.09,600,4600.01,10.24,32.58
2024/03/21,South,Geothermal,47.81,41.73,22.8,16.3,16.64,190,3140.5,4.57,6.08
2022-01-31,South,Biomass,51.52,38.64,27.6,25.03,14.97,200,3373.9,8.93,12.88
2022/11/27,East,Biomass,49.35,35.22,26.91,23.73,14.52,200,2035.92,7.91,14.13
2023-12-22,West,Biomass,40.86,28.55,24.49,24.63,12.12,220,1789.07,4.82,12.31
25/06/2023,West,Solar,250.16,211.79,101.61,19.89,131.56,520,10937.42,21.38,38.37
27/11/2022,West,Biomass,34.47,29.92,17.11,24.99,10.34,200,,4.87,4.55
2024/02/20,North,Solar,78.17,62.66,34.72,21.56,41.7,540,3719.11,8.28,15.51
2023/04/26,West,Hydro,97.86,77.86,31.0,96.7,39.8,320,5782.92,19.52,20.0
31-Jan-2022,North,Biomass,43.51,37.83,26.07,22.6,14.05,200,2491.85,5.29,5.68
06-19-2024,Central,Biomass,76.0,62.47,40.93,,21.84,240,3093.61,11.95,13.53
26-May-2023,West,Geothermal,29.23,18.21,13.58,16.27,,170,1337.29,3.12,11.02
01-May-2022,West,Geothermal,23.5,14.6,12.8,16.14,8.9,150,1381.33,2.68,8.9
23-Oct-2023,North,Wind,167.96,138.18,69.92,32.72,108.92,620,9324.86,19.42,29.78
20/02/2024,Central,Solar,99.98,70.24,48.54,20.71,49.6,540,4734.19,14.05,29.74
18/08/2024,South,Wind,73.51,44.55,26.04,35.5,45.11,640,5088.55,12.6,
2023-10-23,East,Geothermal,34.1,29.83,15.72,16.34,10.92,170,1700.9,4.84,4.27
17-Oct-2024,West,Hydro,78.97,70.54,21.98,95.22,32.84,340,3370.56,5.7,8.43
05-26-2023,East,Hydro,127.63,94.52,39.19,88.4,54.77,320,8120.36,,33.11
25-Jul-2023,North,Wind,92.82,,32.51,35.96,51.01,,3951.46,6.38,7.47
25-Jul-2023,Central,Wind,77.26,50.23,27.62,35.91,44.22,620,4557.85,11.34,27.03
2024-10-17,North,Wind,182.01,,62.89,32.01,106.91,640,12550.79,16.65,56.88
20-Apr-2024,North,Solar,130.59,97.33,63.44,21.74,69.96,540,8394.68,6.54,33.26
21/01/2024,North,Wind,283.51,209.35,,33.53,158.59,640,14520.36,31.76,
2023/08/24,East,Geothermal,39.08,35.64,20.55,16.04,13.84,170,1970.42,4.1,3.44
2022/06/30,North,Geothermal,31.68,28.54,14.53,13.8,11.65,150,1827.53,3.41,3.14
2022-05-01,East,Geothermal,39.19,29.62,,13.9,,150,2230.59,5.24,9.57
23/09/2023,East,Hydro,117.82,111.7,32.5,81.27,49.64,320,5806.91,21.22,6.12
26/04/2023,West,Wind,160.92,125.82,58.06,33.79,98.14,620,10409.16,16.77,35.1
11-27-2022,Central,Wind,157.27,123.24,62.1,35.78,86.99,600,9733.73,22.7,34.03
09-17-2024,East,Geothermal,,28.67,18.33,13.71,13.93,190,2402.94,6.46,7.63
12-27-2022,East,Hydro,60.81,,19.95,81.02,24.62,300,4217.84,4.04,5.15
19-Jul-2024,South,Biomass,63.23,47.49,35.49,,18.33,240,3209.56,7.59,15.74
27/12/2022,West,Wind,222.15,190.96,92.19,32.05,136.85,600,14204.93,21.52,31.19
17/09/2024,South,Biomass,60.85,49.37,36.53,27.04,,240,3196.82,10.08,11.48
31/05/2022,Central,Wind,85.48,81.19,32.16,33.94,54.54,600,4545.15,17.02,4.29
2022/01/01,South,Solar,96.98,65.63,47.98,22.04,44.52,500,4016.28,6.44,31.35
03-02-2022,East,Biomass,56.79,35.38,29.83,25.67,17.2,200,2825.62,11.31,21.41
20/04/2024,South,Hydro,93.53,87.38,27.63,84.64,34.04,340,6460.53,10.3,6.15
2023-09-23,East,Biomass,52.19,45.41,27.31,,14.89,220,3460.18,7.7,6.78
01-31-2022,West,Wind,225.96,185.01,88.63,38.04,133.55,600,12729.88,33.25,40.95
2022-03-02,South,Wind,107.96,101.3,,36.57,70.99,600,7451.19,18.43,6.66
2022/05/31,North,Wind,134.4,105.84,48.89,35.02,83.83,600,7112.07,25.66,28.56
25/02/2023,East,Solar,89.04,59.96,43.92,,46.86,520,3860.03,4.7,
19-Jul-2024,South,Hydro,109.24,79.82,35.41,94.07,44.05,340,5420.63,15.94,29.42
27-Nov-2022,East,Geothermal,34.55,31.34,18.58,14.24,12.18,150,2401.74,1.93,3.21
11-22-2023,West,Biomass,37.1,29.73,21.85,27.16,11.13,,1928.33,2.17,7.37
2023/09/23,Central,Wind,124.11,90.55,45.88,33.61,71.59,620,8013.97,8.53,33.56
2024-09-17,Central,Wind,103.51,69.8,41.7,33.12,59.33,640,6753.41,13.72,33.71
2022-04-01,North,Biomass,46.94,41.11,25.86,25.2,14.75,200,2619.06,7.01,5.83
2024-04-20,South,Solar,194.94,165.59,81.17,21.33,96.55,540,11033.4,37.22,29.35
2023-04-26,Central,Hydro,157.61,123.35,49.65,90.05,56.97,320,9416.82,20.45,34.26
02-Mar-2022,North,Hydro,93.72,71.31,29.05,97.18,37.23,300,4557.51,12.37,22.41
31-May-2022,East,Biomass,68.97,49.39,40.18,23.03,19.03,200,3218.14,11.18,19.58
26/05/2023,North,Biomass,61.65,58.54,36.47,23.55,18.51,220,3949.4,11.26,3.11
05-26-2023,Central,Geothermal,44.45,39.36,23.04,,16.2,170,3108.83,8.88,5.09
2023/06/25,North,Solar,190.04,114.81,88.15,24.15,103.6,520,12535.8,15.99,75.23
22-Nov-2023,Central,Hydro,103.99,,28.65,81.18,40.87,320,6507.39,17.8,32.93
2024/11/16,West,Hydro,69.83,51.63,19.35,94.75,30.57,340,2857.14,8.12,18.2
26-May-2023,North,Wind,130.16,116.65,49.47,36.98,,620,7316.71,9.79,13.51
27/03/2023,North,Wind,223.27,193.78,90.68,34.37,143.61,620,15033.69,32.39,
2023/10/23,West,Hydro,66.66,43.03,21.66,87.94,26.41,320,3907.23,5.36,23.63
02-20-2024,North,Biomass,43.56,34.52,23.45,23.56,13.0,240,2234.14,5.21,9.04
12-27-2022,South,Biomass,55.69,35.9,28.2,26.59,17.7,200,2772.03,8.21,19.79
2024-05-20,East,Geothermal,40.38,31.35,22.11,15.81,14.77,190,1668.21,2.11,9.03
19-Jun-2024,North,Geothermal,30.84,,15.27,15.52,11.45,190,2078.62,5.53,11.44
04-01-2022,North,Hydro,118.15,98.6,37.78,94.3,49.01,300,6591.8,17.36,19.55
2024-05-20,North,Hydro,109.68,66.59,,98.68,,340,5615.0,8.26,43.09
2024/02/20,West,Geothermal,25.44,20.33,12.65,13.77,8.67,190,1584.63,4.64,5.11
2024-10-17,West,Biomass,53.44,46.65,31.01,25.95,17.2,240,3296.86,3.34,6.79
2023/04/26,North,Wind,181.63,128.23,73.34,35.82,113.13,620,12513.26,,53.4
2022/08/29,Central,Solar,209.9,199.16,100.57,24.12,94.64,500,12608.31,24.53,10.74
2022-08-29,North,Geothermal,28.85,20.77,13.31,14.7,10.01,150,1877.31,4.43,8.08
25-Jul-2023,East,Wind,68.9,64.65,23.87,37.17,38.47,620,4237.56,12.21,4.25
23-Sep-2023,South,Geothermal,36.28,25.76,19.75,13.53,12.33,170,1758.57,3.98,10.52
31-Jan-2022,North,Solar,59.9,41.06,27.8,19.82,31.45,500,3779.77,3.95,18.84
01-31-2022,West,Biomass,41.43,35.92,21.31,25.09,12.29,200,2002.92,8.27,5.51
23-Oct-2023,West,Solar,148.66,123.96,67.19,20.86,74.0,520,8132.17,13.69,24.7
2022/07/30,East,Geothermal,34.43,32.23,,,11.68,150,2242.41,3.06,2.2
12-27-2022,North,Geothermal,27.3,19.12,13.74,15.82,9.88,150,1315.3,2.01,8.18
2024/11/16,West,Wind,218.73,205.87,78.04,32.73,123.11,640,9962.85,36.54,12.86
2024/02/20,West,Solar,107.8,75.69,46.72,,48.83,540,6332.81,8.09,32.11
27-Dec-2022,East,Wind,202.8,153.42,72.53,37.64,116.81,600,12944.81,30.81,49.38
2023-11-22,West,Geothermal,23.41,18.53,12.25,16.27,8.46,,1553.21,2.0,4.88
26/01/2023,South,Biomass,63.95,54.19,35.83,23.92,19.93,220,4077.91,7.76,9.76
25-Jul-2023,South,Biomass,65.91,57.66,39.63,24.68,18.72,220,3148.71,6.17,8.25
2023/05/26,North,Solar,145.99,93.47,59.92,21.85,71.64,520,7960.13,16.22,52.52
04-20-2024,South,Geothermal,38.33,35.92,18.31,16.18,,190,2383.73,7.35,2.41
2023-07-25,South,Geothermal,39.62,31.95,18.58,14.66,13.66,,2501.54,6.72,7.67
21/03/2024,East,Geothermal,34.85,,17.29,14.5,12.63,190,,3.08,8.23
27-Dec-2022,Central,Solar,77.57,54.72,36.62,,39.04,500,3986.63,12.09,22.85
19/07/2024,South,Geothermal,48.63,38.94,26.64,15.88,18.13,190,2523.44,8.44,9.69
2024-09-17,East,Wind,134.91,112.51,,,72.92,640,6324.13,11.23,22.4
2022-10-28,Central,Biomass,74.42,,41.08,27.47,21.44,200,3647.33,6.2,14.25
2022/09/28,Central,Geothermal,42.03,28.49,21.34,13.66,15.59,150,2284.31,5.51,
05-26-2023,Central,Solar,186.31,152.83,80.15,20.36,93.31,520,10717.01,22.98,33.48
01-21-2024,North,Hydro,65.17,44.35,20.62,85.45,24.88,340,2848.53,10.92,20.82
26-Apr-2023,Central,Solar,188.17,164.36,84.26,22.97,96.07,520,11828.09,23.66,23.81
17-Sep-2024,West,Hydro,104.74,90.26,28.7,98.87,39.61,,6254.11,,14.48
2024/01/21,East,Hydro,80.35,58.98,24.47,,32.81,340,5544.13,12.9,21.37
23-Oct-2023,North,Solar,86.67,52.8,41.27,23.5,43.5,520,5394.11,8.46,33.87
25/02/2023,East,Biomass,51.03,47.72,26.28,24.27,14.94,220,2369.23,4.29,
19/07/2024,East,Wind,81.99,74.83,34.08,37.1,49.15,640,5532.3,,7.16
2023/11/22,East,Solar,,78.62,41.51,,43.45,520,4951.4,10.72,
2024-10-17,West,Wind,176.95,139.55,63.63,32.38,114.83,640,9776.93,24.96,37.4
26/01/2023,Central,Geothermal,47.73,30.67,21.6,16.29,17.6,170,3266.34,9.03,17.06
07-19-2024,North,Solar,182.12,137.67,89.62,22.76,95.98,540,8402.6,12.18,44.45
2022-05-01,East,Hydro,114.58,106.47,33.46,84.98,50.02,300,6226.9,13.55,8.11
21-Jan-2024,Central,Geothermal,51.85,47.47,25.0,13.81,17.64,190,3475.54,3.83,4.38
2024/04/20,Central,Biomass,70.39,58.25,41.78,24.88,,240,2950.28,7.26,12.14
29/08/2022,Central,Hydro,150.31,130.88,48.38,88.64,55.36,300,8437.3,23.36,19.43
2022-05-31,West,Solar,174.78,125.86,72.51,23.32,94.9,500,10873.88,22.27,48.92
07-25-2023,South,Hydro,108.02,100.79,33.51,92.98,46.86,320,6373.88,13.37,7.23
2022/05/01,North,Solar,127.53,120.04,56.17,,61.71,500,8693.52,20.82,7.49
2023/11/22,Central,Solar,113.78,103.61,50.98,20.37,59.43,520,4906.4,,10.17
06-19-2024,East,Geothermal,36.66,26.79,19.02,13.88,13.0,190,1987.18,1.93,9.87
2022/03/02,East,Wind,142.48,94.19,55.89,31.68,77.19,600,9075.91,12.21,48.29
2022/05/31,West,Wind,124.87,94.57,46.78,31.53,70.65,600,6037.51,19.43,30.3
09-23-2023,West,Wind,116.84,84.11,45.33,32.99,73.49,620,5074.34,13.81,32.73
2023-07-25,North,Hydro,116.3,91.04,31.45,91.85,51.05,320,7308.4,22.08,25.26
26-May-2023,Central,Hydro,129.77,120.35,37.95,90.91,48.11,320,5517.93,15.14,9.42
12-22-2023,West,Wind,227.02,196.38,94.09,31.79,148.34,620,15090.37,36.24,30.64
17/09/2024,North,Biomass,59.78,54.64,35.01,24.95,17.1,240,2913.85,10.49,5.14
03-02-2022,Central,Hydro,105.09,98.3,32.44,83.66,38.7,300,5010.59,7.99,6.79
11-22-2023,Central,Biomass,58.65,48.64,30.61,23.96,17.97,220,3188.28,4.01,10.01
20-May-2024,West,Geothermal,27.17,20.6,14.81,14.89,9.2,190,1629.15,1.9,6.57
02-25-2023,West,Hydro,,45.61,21.88,81.54,28.07,320,4348.28,8.36,21.38
2024-10-17,North,Hydro,98.96,70.64,29.16,92.87,41.01,340,5274.8,7.94,28.32
02-25-2023,Central,Wind,187.97,139.88,65.09,33.21,106.8,,9278.76,11.79,48.09
28/09/2022,Central,Hydro,120.15,86.96,38.89,85.84,52.36,300,7268.26,22.41,33.19
25/06/2023,West,Geothermal,26.02,19.46,13.29,14.8,8.48,170,1785.3,3.18,6.56
2022/07/30,East,Solar,226.28,210.19,110.48,22.28,104.11,,10993.31,29.49,16.09
20-Feb-2024,Central,Wind,183.03,114.29,73.01,36.27,107.76,640,10175.19,22.06,68.74
30-Jun-2022,East,Geothermal,39.84,37.47,18.5,14.34,12.67,150,1870.26,7.04,2.37
17/09/2024,North,Geothermal,34.87,21.31,18.66,15.5,12.68,190,2242.42,3.62,13.56
09-28-2022,Central,Solar,199.6,175.85,98.02,23.65,106.05,500,11426.46,30.76,
2022/07/30,North,Geothermal,33.54,28.39,16.54,15.46,11.99,150,1778.49,1.95,5.15
04-01-2022,West,Hydro,96.25,61.84,27.15,83.5,40.74,300,3925.9,12.81,34.41
2023-06-25,North,Geothermal,31.07,22.65,14.02,14.48,11.77,170,1607.35,6.17,8.42
25/07/2023,East,Hydro,168.66,133.54,48.95,93.2,74.08,320,10580.28,18.33,35.12
2024/01/21,Central,Solar,96.87,61.04,,20.19,,540,4405.17,6.1,35.83
10-28-2022,West,Solar,153.58,145.74,70.84,20.06,79.01,500,9374.5,25.91,7.84
2022-08-29,South,Wind,70.05,58.65,28.04,35.54,42.58,600,4857.05,10.54,11.4
08-24-2023,East,Hydro,129.71,82.89,40.23,93.29,54.69,320,5695.47,13.5,46.82
01/04/2022,South,Geothermal,41.97,26.44,22.98,13.7,14.77,150,,8.32,15.53
10-28-2022,Central,Hydro,100.49,95.35,32.23,88.42,41.27,300,6510.21,9.9,
01/01/2022,East,Hydro,62.99,48.5,17.82,88.22,22.97,300,3235.75,12.46,14.49
2022/07/30,North,Wind,77.37,62.73,31.88,38.27,43.83,600,4407.5,14.74,14.64
19/07/2024,North,Geothermal,29.24,24.06,15.94,15.88,11.01,190,,2.23,5.18
2022/11/27,South,Biomass,50.37,31.32,26.36,24.44,16.62,200,3511.34,9.65,19.05
01-26-2023,West,Geothermal,25.09,17.4,13.0,14.33,8.01,170,1263.45,3.08,7.69
23/10/2023,East,Solar,128.33,94.32,58.92,22.12,59.07,520,6203.66,18.12,34.01
28/10/2022,North,Solar,92.53,58.78,40.49,23.59,43.37,500,4430.84,8.37,33.75
2022-05-31,South,Geothermal,35.63,21.46,17.44,16.02,12.17,150,2346.8,4.13,14.17
01-21-2024,Central,Wind,204.71,168.85,84.04,32.84,129.11,640,9003.56,11.87,35.86
2022-05-31,North,Solar,155.42,115.68,74.73,20.82,80.93,500,,19.56,
2023/01/26,South,Geothermal,47.67,39.07,25.18,14.54,15.03,170,2243.79,3.22,8.6
2022-01-31,Central,Wind,167.05,107.1,67.7,34.99,104.57,600,9232.21,15.2,59.95
2022-01-01,North,Geothermal,32.75,24.25,14.95,16.24,11.62,150,2015.35,2.68,8.5
30-Jul-2022,West,Biomass,51.72,35.73,27.98,24.44,14.07,200,3167.44,7.02,15.99
2024-03-21,North,Hydro,103.45,74.98,30.78,97.43,44.74,340,6744.87,18.3,28.47
01-31-2022,Central,Hydro,83.3,74.89,24.19,95.18,31.77,300,3338.41,13.24,8.41
06-30-2022,South,Wind,74.59,48.2,,35.48,43.55,,4511.82,12.26,26.39
23/09/2023,North,Geothermal,27.88,23.52,12.94,15.7,10.14,170,1470.43,1.62,
19/06/2024,Central,Wind,75.56,49.66,29.94,32.14,44.07,640,3831.83,4.7,25.9
05-01-2022,North,Hydro,107.81,92.06,33.56,81.48,42.9,300,7440.2,18.05,15.75
02/03/2022,East,Geothermal,34.27,31.21,16.84,15.98,11.75,150,2120.91,3.32,3.06
01-31-2022,South,Hydro,43.24,26.33,12.48,93.19,18.88,300,2244.14,6.8,16.91
01-Apr-2022,Central,Hydro,117.38,85.65,35.65,86.74,46.64,300,5637.07,10.23,31.73
03-02-2022,West,Biomass,48.74,38.93,24.58,22.76,13.62,200,2853.0,7.36,9.81
2023/07/25,West,Biomass,50.02,30.11,27.22,24.07,13.62,220,2863.77,7.4,19.91
2022-11-27,North,Biomass,41.84,31.4,23.86,25.38,11.58,200,2192.73,4.38,10.44
25-Jul-2023,West,Solar,249.05,209.4,122.26,22.67,121.42,520,15130.75,42.16,39.65
2024-11-16,East,Solar,99.57,63.09,47.01,21.68,53.24,540,6787.22,19.08,36.48
26-May-2023,South,Solar,265.02,,126.72,23.44,128.75,520,,43.78,73.27
25/02/2023,North,Hydro,80.5,60.35,23.6,81.22,31.2,320,3964.03,9.41,20.15
2023-12-22,East,Biomass,57.18,34.79,29.35,22.87,17.21,220,3195.18,6.19,22.39
2024-06-19,West,Wind,101.93,66.45,37.35,35.2,60.7,640,6830.63,19.58,35.48
2022/07/30,East,Biomass,61.26,37.38,31.62,26.66,19.62,200,2908.91,,23.88
2023/11/22,North,Geothermal,28.09,24.4,13.34,14.75,9.24,170,1380.62,2.66,3.69
05-26-2023,South,Wind,,64.98,28.58,37.16,,620,5092.14,14.31,8.39
07-19-2024,Central,Hydro,164.64,142.14,44.88,86.77,64.47,340,7536.92,26.17,22.5
18-Aug-2024,North,Geothermal,31.15,20.21,14.4,15.78,11.98,190,,1.89,10.94
2023-02-25,Central,Solar,,,48.02,22.51,47.32,,6761.4,9.56,22.12
22/11/2023,Central,Wind,165.48,149.11,65.17,36.67,100.33,620,6878.05,27.28,16.37
29/08/2022,East,Wind,89.46,57.05,33.41,37.99,57.3,600,,14.83,32.41
2022-05-31,Central,Geothermal,43.69,37.68,22.7,16.13,15.15,150,2387.28,6.0,6.01
28/09/2022,North,Solar,124.0,112.89,,23.62,63.83,500,8521.5,6.41,11.11
16/11/2024,South,Wind,132.51,80.74,,35.6,76.88,640,6950.24,17.55,51.77
17-Oct-2024,Central,Solar,,103.18,,20.46,,540,,18.88,28.63
2022/05/01,East,Biomass,67.27,42.29,36.6,26.02,18.48,200,3829.35,3.99,24.98
28-Oct-2022,South,Solar,173.49,161.1,81.94,22.09,85.88,500,7810.44,30.9,12.39
2022/03/02,Central,Biomass,67.79,64.08,35.97,27.35,19.59,200,,8.16,3.71
2022/10/28,North,Wind,160.08,128.31,57.53,32.2,91.63,600,7535.63,18.38,31.77
06-25-2023,Central,Solar,231.93,,106.58,20.12,107.54,520,12542.25,16.98,62.32
25/02/2023,East,Hydro,84.12,52.48,,94.74,33.84,320,5171.22,16.37,31.64
2022-07-30,Central,Hydro,136.88,102.91,40.48,88.72,54.5,,,17.8,33.97
2023/06/25,North,Hydro,115.47,93.0,35.11,81.58,42.85,320,8004.07,22.99,22.47
20/02/2024,North,Hydro,86.36,65.68,24.17,81.02,32.11,340,5741.96,8.22,20.68
22/12/2023,Central,Hydro,90.02,80.5,29.03,93.02,35.94,320,5302.25,12.57,9.52
23-Oct-2023,East,Wind,146.94,139.09,54.96,32.37,82.37,620,7318.53,15.79,7.85
26-Jan-2023,East,Hydro,82.13,51.39,25.06,81.98,32.43,320,3817.81,,30.74
27-Mar-2023,Central,Wind,140.46,121.27,55.02,32.34,84.12,620,7440.27,24.01,19.19
25-Jun-2023,East,Wind,76.36,45.94,30.6,36.87,49.75,620,3912.64,6.55,30.42
03-02-2022,North,Wind,221.96,136.75,89.34,33.55,129.84,600,9847.72,28.78,85.21
2024/06/19,South,Hydro,111.06,69.02,31.22,81.11,41.54,340,5101.17,7.95,42.04
27/11/2022,South,Geothermal,39.01,31.23,19.22,14.44,13.94,150,2086.06,2.72,7.78
2022/08/29,West,Hydro,115.51,104.09,34.26,85.06,47.44,300,7079.19,12.15,11.42
04-20-2024,Central,Solar,162.47,98.66,74.75,23.49,79.85,540,9185.53,21.97,63.81
12-27-2022,Central,Geothermal,48.64,40.97,25.14,15.81,16.2,150,3084.84,4.46,7.67
23/09/2023,West,Biomass,51.94,32.84,30.86,24.21,16.37,220,2333.98,5.32,
23-Sep-2023,North,Wind,165.47,105.84,61.97,36.59,92.23,620,8222.47,11.44,59.63
2022-01-01,West,Hydro,58.26,51.87,15.88,87.0,21.58,300,4042.89,,6.39
2022-09-28,Central,Wind,96.44,70.78,38.76,33.04,60.19,600,6172.63,10.79,25.66
2024/08/18,East,Biomass,68.34,46.88,33.89,,21.59,240,3785.86,3.63,21.46
2024-08-18,South,Solar,272.07,222.7,116.98,21.69,128.7,540,15929.52,36.89,49.37
2024/05/20,West,Solar,195.02,129.57,82.39,22.7,96.32,540,12898.65,11.78,65.45
2022-05-01,South,Wind,72.09,61.27,26.55,34.6,41.15,600,3919.7,5.79,10.82
01-31-2022,East,Solar,81.7,58.75,39.56,22.89,39.02,500,3292.88,15.7,22.95
26/04/2023,South,Geothermal,47.18,30.9,22.61,14.82,16.53,170,2924.05,3.06,16.28
2023-04-26,West,Solar,175.75,140.66,71.26,21.29,83.24,520,10962.01,24.12,35.09
02/03/2022,South,Geothermal,39.32,36.67,21.06,13.8,14.27,150,2215.05,7.73,2.65
2024-07-19,East,Biomass,63.75,60.05,35.06,24.26,18.19,240,3455.76,10.82,3.7
26-May-2023,East,Geothermal,36.89,30.55,17.92,15.25,13.02,170,1636.76,4.44,6.34
17/10/2024,South,Geothermal,40.28,25.53,19.16,16.25,13.84,190,2809.11,5.9,14.75
31/01/2022,East,Hydro,63.52,54.53,18.2,91.61,26.73,300,,12.52,8.99
01-May-2022,West,Biomass,48.59,38.33,28.08,26.38,13.53,200,3391.8,4.14,10.26
2023-01-26,South,Wind,132.77,107.31,51.62,31.94,74.92,620,6654.47,23.29,
2022/12/27,North,Solar,56.39,48.14,24.44,22.16,,500,3415.25,9.58,8.25
07-19-2024,South,Wind,68.91,45.88,27.18,37.17,45.45,640,2847.62,9.27,23.03
2024-10-17,Central,Biomass,66.52,,33.82,24.46,21.29,240,2908.78,8.87,25.51
2023-10-23,Central,Geothermal,42.26,31.43,19.95,16.48,14.37,170,1729.58,5.77,10.83
19/07/2024,East,Hydro,139.48,121.57,38.26,85.56,60.82,340,7344.67,14.45,17.91
01-21-2024,South,Geothermal,44.31,29.76,22.66,15.64,15.57,190,2106.37,,14.55
01-01-2022,Central,Wind,152.7,143.06,55.3,32.26,90.42,600,,14.82,9.64
01-Jan-2022,Central,Solar,76.39,67.77,36.93,20.78,39.42,500,3968.76,,8.62
19/07/2024,South,Solar,,208.22,123.66,19.96,138.95,540,15204.18,21.48,73.49
2022/03/02,West,Geothermal,24.9,20.75,11.32,14.69,,150,1001.74,2.37,4.15
01-01-2022,East,Biomass,45.31,28.11,26.1,22.8,13.09,200,1880.56,5.51,17.2
2022/06/30,Central,Solar,222.59,140.39,,21.64,114.47,500,14227.05,19.45,82.2
07-25-2023,East,Solar,242.81,188.16,108.3,22.45,112.81,520,14559.01,41.32,54.65
25/02/2023,North,Geothermal,28.66,25.54,13.73,14.97,10.68,170,1406.05,3.95,3.12
01-31-2022,West,Hydro,59.36,55.2,17.81,89.89,21.75,300,2445.38,6.81,4.16
2022-03-02,East,Solar,103.82,74.41,51.29,23.26,48.85,500,6737.35,13.82,29.41
27/03/2023,South,Geothermal,35.74,23.95,17.18,15.23,11.54,170,1697.22,5.61,11.79
2022-06-30,South,Solar,309.22,256.79,133.63,22.08,154.9,500,19306.25,29.17,52.43
21/01/2024,South,Hydro,51.02,43.27,15.35,96.46,22.42,340,2165.44,3.35,
20/04/2024,South,Wind,116.53,84.35,45.18,32.56,74.95,640,6496.71,19.81,32.18
16/11/2024,West,Geothermal,26.73,23.18,13.48,13.94,9.66,190,1144.18,3.54,3.55
20/05/2024,East,Hydro,135.6,104.55,38.1,86.89,59.05,340,6467.44,20.63,31.05
2024/09/17,Central,Solar,185.69,143.8,87.55,21.59,84.05,540,9016.11,14.43,41.89
02-25-2023,East,Geothermal,36.68,26.95,18.18,15.71,13.32,170,2392.74,3.08,
25/06/2023,Central,Biomass,64.09,55.75,36.27,27.08,18.83,220,3690.61,11.87,8.34
21-Mar-2024,West,Hydro,98.28,72.78,28.27,92.23,38.45,340,3956.37,9.67,25.5
2022/08/29,West,Wind,106.51,91.58,40.97,33.16,67.54,600,6812.88,,14.93
2023/11/22,North,Solar,84.65,64.1,41.58,22.12,,520,5110.49,15.51,20.55
17/09/2024,South,Solar,239.19,202.39,97.66,20.06,128.57,540,10627.31,47.77,36.8
30/06/2022,Central,Biomass,72.85,48.51,43.98,26.91,,200,3589.44,9.0,24.34
27/12/2022,Central,Biomass,66.41,54.68,38.05,23.1,21.34,200,2915.21,9.86,11.73
11-27-2022,North,Hydro,62.98,50.38,17.19,88.19,23.1,300,3467.34,10.46,12.6
25/06/2023,East,Biomass,62.74,39.09,36.68,25.75,18.33,220,2636.33,5.19,23.65
2023/01/26,West,Hydro,50.56,37.87,14.47,98.03,20.4,320,3227.47,8.5,12.69
2023/03/27,North,Geothermal,29.15,26.51,13.81,13.87,10.83,170,1453.96,4.01,2.64
11-22-2023,Central,Geothermal,51.22,35.98,26.4,15.08,17.09,170,3121.0,6.43,15.24
2022/10/28,East,Wind,,112.77,43.59,32.38,71.07,600,4826.72,,7.16
2024/09/17,West,Solar,203.56,130.83,94.68,21.02,93.3,540,12960.67,20.96,72.73
22-Nov-2023,North,Wind,231.34,202.97,85.22,32.27,125.15,620,15688.78,16.67,28.37
23-Oct-2023,Central,Biomass,68.06,49.19,37.78,25.82,19.41,220,3659.08,11.85,18.87
26/04/2023,Central,Geothermal,41.0,38.39,19.19,15.64,13.77,170,1761.46,2.93,2.61
2022-04-01,East,Solar,162.22,139.07,70.55,20.0,81.86,500,10447.82,12.37,23.15
30/06/2022,North,Hydro,114.52,,31.57,84.84,41.94,300,6620.45,14.65,42.15
22/11/2023,North,Hydro,70.68,57.08,19.31,86.5,27.88,320,4227.2,3.54,13.6
2023/09/23,Central,Biomass,77.11,49.06,44.53,25.62,23.34,220,4549.93,9.68,28.05
18/08/2024,East,Hydro,133.92,102.39,39.56,84.02,48.4,340,9219.09,18.8,31.53
2022/09/28,South,Solar,246.0,194.07,114.11,20.45,120.36,,16418.81,34.06,51.93
27/03/2023,East,Wind,150.14,134.85,,35.83,91.89,620,6677.86,29.08,15.29
25/06/2023,South,Geothermal,39.82,34.33,19.85,13.7,,170,1882.24,7.67,5.49
29-Aug-2022,East,Hydro,146.55,127.99,47.57,93.45,54.79,300,9446.22,9.6,18.56
10-28-2022,South,Geothermal,34.11,25.6,16.35,14.19,10.76,150,1746.75,3.81,8.51
2024-02-20,Central,Biomass,68.64,49.99,38.93,23.21,19.53,240,3739.35,6.16,18.65
2023-09-23,South,Hydro,74.03,49.18,23.3,91.07,31.64,320,4774.7,8.9,24.85
20-Apr-2024,East,Solar,151.74,114.32,72.68,22.18,,540,6769.17,27.62,37.42
19-Jun-2024,West,Geothermal,27.96,22.59,14.7,13.82,9.34,190,1349.87,4.36,5.37
08-29-2022,East,Biomass,62.76,47.6,31.99,24.56,19.58,200,3919.54,5.95,15.16
2022/08/29,West,Geothermal,25.38,15.88,13.22,15.08,9.69,150,1411.59,4.26,9.5
2023-06-25,South,Wind,74.23,52.02,30.36,34.69,46.32,620,4553.97,7.02,22.21
26-Apr-2023,Central,Wind,,72.03,45.94,34.6,67.03,620,4987.33,8.75,44.89
2023-10-23,East,Biomass,63.69,59.12,32.25,23.62,20.35,220,2812.68,12.68,
17-Oct-2024,South,Biomass,,56.68,30.11,22.88,18.42,240,2673.5,6.76,3.93
30-Jun-2022,West,Geothermal,21.63,19.97,10.67,15.67,7.56,150,1113.55,2.47,1.66
2022/03/02,Central,Solar,130.25,108.6,56.9,21.55,68.28,500,6914.53,15.49,21.65
04-01-2022,South,Biomass,55.28,35.53,28.81,25.69,16.99,200,,9.7,19.75
2022/08/29,South,Solar,258.65,206.7,114.95,22.49,136.55,500,15089.84,46.4,51.95
04-20-2024,South,Biomass,60.23,51.6,33.75,22.83,18.99,240,2662.71,7.36,8.63
27/03/2023,West,Hydro,89.19,67.14,29.41,97.69,32.4,320,4521.54,13.95,22.05
27/11/2022,East,Solar,94.22,75.16,,20.1,47.42,500,5802.37,7.31,19.06
2023/09/23,South,Biomass,68.27,48.98,35.59,23.31,18.87,220,3164.81,,19.29
2022-10-28,East,Biomass,,52.24,30.28,25.91,15.98,200,2750.45,7.99,3.11
2022/05/01,Central,Solar,190.47,170.9,82.3,22.91,101.06,500,12845.72,25.59,19.57
02-Mar-2022,West,Wind,161.44,102.98,65.58,34.07,101.95,,9238.08,27.62,58.46
20/05/2024,South,Biomass,75.67,64.98,41.9,22.74,21.81,240,3454.12,14.73,10.69
31-May-2022,East,Geothermal,30.85,23.0,16.85,13.85,11.75,150,1365.12,2.99,7.85
01-01-2022,North,Biomass,41.08,28.49,24.57,25.74,12.59,200,1854.11,6.55,12.59
2022-09-28,West,Geothermal,28.14,22.3,14.71,15.18,,150,1418.94,4.85,5.84
27/03/2023,East,Hydro,95.25,85.88,30.19,86.18,38.06,320,4182.04,17.0,9.37
20-Feb-2024,Central,Hydro,96.24,82.2,27.68,88.17,40.98,340,6069.17,10.06,14.04
26/05/2023,North,Hydro,88.37,81.89,26.42,,37.75,320,4542.62,9.08,6.48
2023/03/27,North,Solar,111.77,89.63,47.41,24.03,58.59,520,6037.69,21.3,22.14
2022/12/27,South,Geothermal,39.17,36.94,19.85,14.53,14.24,150,1770.19,5.89,2.23
2023/12/22,North,Wind,255.39,154.92,,34.61,144.79,620,13121.89,38.05,100.47
11-27-2022,East,Hydro,72.42,53.27,21.61,83.95,27.38,300,3784.5,14.15,19.15
17/09/2024,North,Wind,148.25,120.63,,32.61,85.87,640,7606.03,9.26,27.62
25-Jul-2023,South,Solar,336.94,303.24,163.91,23.03,161.52,520,15449.48,24.08,33.7
27/12/2022,North,Hydro,70.81,53.48,19.22,89.69,28.32,300,3236.47,13.35,17.33
2023/06/25,West,Wind,115.57,87.29,47.23,32.44,66.81,620,7351.31,6.47,28.28
20-May-2024,Central,Geothermal,52.47,,28.06,14.25,16.94,190,3586.96,9.78,15.82
2024/10/17,East,Geothermal,44.09,40.13,20.53,16.49,15.53,190,2513.96,8.51,
2022/12/27,West,Solar,86.95,53.19,35.51,21.93,42.33,500,4991.63,16.89,33.76
2022/07/30,Central,Wind,72.66,68.69,25.64,37.54,40.81,600,3082.55,7.26,3.97
2022-09-28,South,Biomass,60.3,44.12,35.87,25.08,17.56,200,3981.7,7.42,16.18
2022/04/01,West,Solar,163.21,115.88,70.19,24.03,73.87,500,7439.35,20.84,47.33
2024/06/19,Central,Geothermal,55.42,36.44,26.12,15.11,21.01,190,3454.2,5.11,18.98
2023/03/27,Central,Hydro,118.98,75.15,35.14,87.63,44.61,320,7010.37,7.61,43.83
2022/01/01,West,Biomass,36.22,23.35,19.16,26.99,11.51,200,2384.04,6.69,12.87
2024/05/20,Central,Hydro,,122.46,47.24,96.77,62.28,340,9566.14,9.45,27.93
17-Sep-2024,East,Solar,156.7,112.26,69.21,22.56,82.92,540,8498.71,28.48,44.44
03-27-2023,West,Geothermal,26.96,25.15,14.39,,8.65,170,1750.27,4.02,1.81
2024/08/18,West,Wind,118.4,86.89,43.19,31.67,70.86,640,7401.11,9.75,31.51
2023-07-25,Central,Biomass,61.61,52.67,32.57,26.61,18.44,220,3442.08,9.55,8.94
16-Nov-2024,East,Wind,161.11,149.69,57.71,38.17,101.84,640,7672.19,16.29,11.42
26-Jan-2023,North,Geothermal,,28.38,15.75,16.49,10.11,170,1326.31,5.35,3.44
2023-05-26,West,Hydro,,,22.31,86.23,30.26,320,4639.04,13.28,31.39
2023/02/25,South,Wind,148.29,89.88,53.64,35.57,82.68,,7982.65,22.84,58.41
24-Aug-2023,Central,Solar,,131.31,95.33,20.63,98.58,520,12224.03,29.06,66.22
2024/08/18,West,Geothermal,25.18,19.7,11.39,14.71,9.34,190,1354.9,,5.48
2023-10-23,Central,Hydro,106.88,100.4,32.6,89.79,40.59,320,4625.94,18.47,6.48
2023-07-25,East,Biomass,63.81,54.13,34.8,23.32,,220,3884.67,5.98,9.68
2022-01-01,South,Biomass,57.76,51.15,34.8,25.16,16.03,200,3453.62,11.09,6.61
2024-06-19,East,Biomass,57.9,,31.7,23.95,16.45,240,3954.58,9.87,16.61
21/03/2024,East,Wind,175.37,132.24,63.63,32.02,98.08,640,10817.78,33.53,43.13
2023-05-26,East,Solar,162.23,121.86,66.05,23.31,88.17,520,10579.87,14.13,40.37
18-Aug-2024,East,Solar,188.08,129.63,80.04,21.41,103.39,540,10223.26,14.16,58.45
2022/08/29,West,Biomass,39.86,24.48,,23.82,11.15,200,2606.06,2.03,15.38
2023-12-22,South,Hydro,44.93,33.94,13.51,85.27,17.35,320,2297.76,7.79,10.99
2024/06/19,North,Biomass,51.77,37.96,30.78,24.4,14.09,240,3114.33,8.0,13.81
2022/01/31,Central,Geothermal,42.73,27.14,22.84,13.8,16.18,150,1728.87,3.06,15.59
28-Oct-2022,West,Biomass,,31.78,25.57,,14.06,200,,7.23,16.81
2023/05/26,South,Biomass,71.68,60.08,42.44,22.51,21.19,220,4314.63,10.57,
25-Feb-2023,Central,Hydro,85.93,72.49,26.23,98.74,33.53,320,4443.36,11.68,13.44
2023/12/22,South,Solar,96.11,59.64,47.05,21.02,49.12,520,4749.83,5.73,
29/08/2022,East,Geothermal,40.05,33.14,21.86,15.01,14.56,150,1989.34,2.7,6.91
19-Jun-2024,Central,Solar,250.11,205.12,115.84,21.54,120.72,540,16277.71,13.8,44.99
2022-05-01,South,Geothermal,34.11,27.25,15.72,16.45,11.42,150,2376.55,4.49,6.86
25-Jun-2023,North,Biomass,,40.74,27.76,26.97,14.05,220,2198.31,6.78,10.23
12-27-2022,West,Hydro,52.46,32.12,17.07,94.49,21.94,300,2985.56,3.11,20.34
30-Jul-2022,East,Hydro,151.51,107.92,47.53,91.89,55.63,300,8068.13,28.33,43.59
20-May-2024,North,Wind,151.28,110.96,57.19,37.43,85.01,640,7463.53,11.59,40.32
2024/05/20,West,Wind,,112.1,48.13,31.77,85.14,640,,6.68,
18/08/2024,West,Hydro,128.25,88.3,37.7,93.83,49.98,340,5917.55,8.92,39.95
2024-09-17,North,Hydro,92.63,61.34,,98.71,36.06,,5610.59,16.12,31.29
01/05/2022,North,Biomass,47.27,44.05,23.97,22.59,13.65,200,2105.54,7.26,3.22
2023/07/25,Central,Hydro,149.45,103.8,45.12,93.31,58.67,320,7454.67,9.47,45.65
2023/04/26,Central,Biomass,58.93,53.14,29.32,24.69,17.38,220,3876.97,5.75,5.79
2024-10-17,Central,Hydro,110.62,67.9,32.99,88.32,41.95,340,6422.94,15.72,42.72
03-02-2022,South,Solar,151.68,113.07,64.17,23.26,81.55,500,7732.0,19.0,38.61
09-28-2022,South,Hydro,74.41,68.55,24.03,81.72,30.65,300,3206.83,14.53,5.86
17/09/2024,West,Wind,,82.57,50.83,35.24,75.18,640,8524.58,18.21,43.27
30-Jun-2022,West,Wind,90.64,58.21,33.47,36.89,53.86,600,4885.53,16.12,32.43
31-Jan-2022,Central,Solar,83.01,71.89,35.14,22.22,45.06,500,4411.44,12.84,11.12
2024-03-21,South,Wind,123.19,91.47,44.67,35.92,71.38,640,6713.66,11.4,31.72
29/08/2022,North,Wind,105.37,96.36,40.13,35.82,60.47,600,6695.51,13.14,9.01
2024-04-20,West,Hydro,110.02,78.06,32.99,84.35,42.98,340,5274.4,17.18,31.96
20-Apr-2024,East,Biomass,61.6,55.01,33.04,25.09,20.05,240,3171.02,8.64,6.59
2024-07-19,West,Biomass,52.59,48.08,28.16,25.22,15.52,240,2156.51,6.07,4.51
09-17-2024,South,Hydro,83.42,73.87,26.25,93.73,34.43,340,5734.45,13.57,
01/01/2022,West,Geothermal,28.57,25.25,15.37,13.57,10.47,150,1427.52,5.42,3.32
26/04/2023,South,Wind,107.75,75.3,42.99,36.17,59.85,,,15.18,32.45
2024/08/18,Central,Biomass,71.93,50.18,40.3,26.98,20.4,240,2925.16,8.81,21.75
20-May-2024,Central,Wind,85.8,57.68,33.04,32.71,56.46,640,5183.94,14.19,28.12
01-26-2023,West,Wind,196.24,149.29,75.62,35.59,128.96,,10579.85,13.89,46.95
16/11/2024,Central,Biomass,55.67,40.58,31.46,23.85,18.02,240,2962.73,7.78,15.09
2024-09-17,East,Hydro,121.06,113.0,38.46,92.52,46.55,340,7022.37,6.98,8.06
2023/10/23,East,Hydro,106.35,65.27,32.83,82.25,39.1,320,6814.42,16.86,41.08
2023-07-25,Central,Solar,213.19,150.28,102.32,24.01,108.77,520,9909.33,22.14,62.91
2023/07/25,West,Hydro,106.48,94.18,28.88,91.01,42.9,320,6853.68,13.13,12.3
11-16-2024,North,Biomass,42.63,35.83,21.37,26.76,12.12,240,2877.29,3.47,6.8
08-18-2024,South,Hydro,98.15,88.46,31.5,89.03,37.16,,6420.82,10.92,9.69
01-May-2022,Central,Hydro,136.04,114.75,42.48,88.14,51.58,300,6754.18,12.58,21.29
27/12/2022,East,Biomass,49.13,32.71,26.4,,15.74,200,2192.57,9.81,16.42
19-Jul-2024,Central,Wind,72.64,59.53,29.58,32.0,45.04,640,4775.02,5.22,13.11
2022/01/01,South,Hydro,50.6,,15.98,90.71,21.37,300,2829.08,2.53,17.53
2024/11/16,West,Solar,120.48,100.79,57.05,23.56,55.3,540,6706.68,8.65,19.69
19-Jul-2024,Central,Solar,210.27,130.58,100.07,20.3,108.62,540,12104.65,10.79,79.69
2022/11/27,West,Geothermal,27.4,18.43,12.84,13.67,9.3,150,1215.5,1.5,8.97
2023/07/25,Central,Geothermal,47.98,43.6,23.52,15.28,15.98,170,2907.58,7.53,4.38
26-Jan-2023,North,Biomass,49.53,34.9,,,15.42,220,2704.1,9.05,14.63
2024/03/21,East,Hydro,105.88,67.29,32.65,85.97,41.25,340,7168.94,7.06,38.59
26/01/2023,South,Hydro,48.91,,13.62,88.47,20.33,320,,5.66,
2023/03/27,Central,Solar,119.45,107.76,56.99,21.04,63.29,520,,15.78,11.69
28-Oct-2022,West,Geothermal,25.19,21.3,11.98,14.6,9.0,150,1061.16,4.77,3.89
19/07/2024,West,Geothermal,24.37,16.0,12.36,15.49,8.44,190,1703.36,2.58,8.37
2023-08-24,North,Wind,99.0,,34.56,35.53,54.46,620,4808.98,18.75,31.28
2024/01/21,East,Geothermal,33.63,27.3,15.85,14.0,12.09,190,1625.41,2.4,6.33
2024/04/20,Central,Hydro,137.08,120.98,41.98,93.96,57.22,340,8135.56,18.25,16.1
2023-12-22,East,Wind,196.66,152.8,80.93,36.07,120.48,620,10515.22,22.19,43.86
23-Oct-2023,West,Geothermal,28.08,21.0,13.46,14.71,10.01,170,,3.48,7.08
2022-05-01,South,Biomass,69.02,47.02,,26.75,18.79,200,4668.8,7.78,22.0
2023-08-24,West,Wind,90.52,61.21,35.75,37.65,57.47,620,,14.14,
09-28-2022,North,Biomass,56.88,37.49,30.12,26.43,17.79,200,3368.73,5.2,19.39
19/07/2024,Central,Biomass,65.95,51.6,36.25,,20.18,240,3463.66,8.85,14.35
2023-03-27,North,Biomass,49.57,34.91,24.88,27.28,16.05,220,2981.64,9.06,14.66
23-Sep-2023,West,Hydro,105.67,71.3,29.87,81.41,44.45,320,5567.5,9.28,34.37
2024-05-20,East,Biomass,67.64,52.37,34.43,27.48,20.17,240,2927.48,5.7,15.27
2023-10-23,West,Biomass,43.57,39.78,22.46,22.64,13.49,220,2334.45,3.91,3.79
09-28-2022,North,Wind,131.55,120.63,53.5,32.5,73.94,600,7696.54,11.56,10.92
2023/04/26,East,Biomass,,50.97,35.78,26.41,17.77,220,2772.58,5.75,9.41
2024-05-20,South,Geothermal,43.44,,20.51,14.46,15.85,190,2383.04,5.89,14.55
2023/11/22,West,Wind,204.42,127.8,72.79,36.61,132.73,620,12115.35,25.44,76.62
27-Mar-2023,Central,Biomass,66.97,61.45,,23.24,,220,4492.82,11.8,5.52
25/02/2023,North,Wind,232.48,157.56,96.04,33.45,126.17,620,13054.3,27.16,74.92
2022/07/30,South,Hydro,95.47,82.56,27.08,82.1,37.33,300,5315.53,,12.91
2023-07-25,West,Geothermal,24.27,14.95,13.22,16.21,8.14,170,1359.68,1.72,
02-20-2024,West,Biomass,48.06,,27.4,22.99,14.65,240,2525.22,5.42,
2023/10/23,Central,Wind,135.55,95.82,,33.17,78.32,620,5704.44,10.59,39.73
21-Jan-2024,West,Solar,101.09,72.9,44.8,22.51,54.35,540,6835.52,7.95,28.19
04-20-2024,North,Geothermal,37.92,25.22,18.36,16.12,13.99,,2035.91,2.44,12.7
2024/11/16,South,Hydro,54.57,46.58,16.09,81.06,22.36,340,2532.65,5.74,7.99
10-28-2022,West,Wind,170.77,117.45,58.92,36.45,103.67,600,9611.28,21.09,53.32
11-16-2024,North,Hydro,79.51,74.42,24.0,97.49,28.77,340,3719.16,5.28,5.09
20-Apr-2024,East,Geothermal,,35.88,19.13,15.44,14.57,190,2268.07,7.56,6.26
19-Jul-2024,East,Geothermal,41.49,26.15,19.72,13.78,13.78,190,2693.49,6.0,15.34
05-01-2022,South,Solar,259.52,219.74,121.23,21.95,129.24,500,14744.53,49.35,39.78
2024-03-21,East,Biomass,59.38,42.44,32.96,25.8,18.02,240,3831.16,9.11,16.94
2024-11-16,Central,Geothermal,50.32,31.81,27.03,15.67,18.76,,3405.9,9.48,18.51
2022-09-28,North,Hydro,91.6,61.29,27.92,98.13,35.59,300,5508.72,7.8,30.31
04-26-2023,North,Solar,120.0,110.56,,20.73,,520,8335.87,10.67,9.44
19-Jun-2024,East,Solar,222.02,156.54,99.69,22.2,116.45,540,10400.16,16.78,65.48
09-23-2023,Central,Solar,185.95,111.81,82.85,23.46,86.02,520,9944.58,36.34,74.14
31-May-2022,East,Wind,111.02,74.76,44.7,37.32,60.87,600,7264.44,18.79,36.26
2022/10/28,North,Hydro,81.83,58.14,24.48,85.52,35.08,300,3390.32,5.31,23.69
09-17-2024,West,Biomass,51.71,38.55,30.36,27.35,16.64,240,2200.61,9.12,13.16
09-17-2024,South,Geothermal,46.38,41.75,24.32,14.32,,190,2590.88,6.43,4.63
02-25-2023,East,Wind,185.27,160.09,74.38,37.94,104.61,620,12419.62,14.4,25.18
2022/05/31,West,Biomass,47.84,38.69,26.71,24.62,14.31,200,2684.85,8.99,9.15
2023-12-22,East,Geothermal,42.2,25.99,22.11,14.56,14.62,170,2205.64,4.96,16.21
26/04/2023,North,Biomass,49.27,43.87,26.51,24.17,13.61,,3223.68,5.65,5.4
25-Jun-2023,Central,Wind,77.18,72.98,26.81,37.69,50.87,620,3375.42,14.65,4.2
2024-05-20,North,Solar,171.45,107.13,70.42,,79.92,540,7859.02,33.77,64.32
2023/12/22,South,Geothermal,36.11,30.84,17.63,16.49,11.57,170,1528.15,6.87,5.27
2024/07/19,Central,Geothermal,51.06,47.07,27.34,14.91,17.83,190,3202.61,8.98,3.99
10-28-2022,South,Hydro,69.81,49.83,20.84,98.55,28.15,300,3362.92,8.15,19.98
20-Apr-2024,Central,Geothermal,45.27,34.33,22.81,15.52,15.31,,2584.72,8.21,10.94
03-27-2023,South,Biomass,67.11,60.86,39.27,26.62,,220,3703.8,6.9,6.25
2023/02/25,North,Solar,,69.85,37.36,,38.41,520,3443.1,9.67,9.54
30-Jul-2022,South,Solar,286.03,255.7,,21.39,140.94,500,13968.7,42.71,30.33
21-Jan-2024,North,Geothermal,30.93,,16.91,15.18,10.79,190,2079.42,4.02,11.36
11-27-2022,East,Wind,150.46,100.17,52.96,,99.05,600,8803.17,21.19,50.29
06-30-2022,Central,Wind,75.39,49.98,27.61,33.03,48.81,600,4776.42,4.43,25.41
31-May-2022,North,Hydro,97.78,,30.49,86.4,41.68,300,4147.68,19.43,30.79
2022-01-31,South,Wind,153.91,143.5,54.97,31.64,85.93,600,6739.2,23.15,10.41
21/03/2024,North,Wind,223.49,173.29,85.32,34.15,145.52,640,13286.77,40.37,50.2
2023-11-22,South,Hydro,52.12,41.94,15.67,93.91,21.69,320,2892.03,7.0,10.18
2024/04/20,North,Wind,161.96,109.61,56.99,38.1,91.84,640,6877.74,10.4,52.35
26/01/2023,East,Geothermal,37.76,33.72,18.05,15.69,13.84,,1789.81,,4.04
27/03/2023,West,Solar,142.96,,69.19,20.38,68.87,520,7993.28,10.19,10.63
02-20-2024,East,Geothermal,36.42,32.34,16.94,16.06,12.74,190,2038.33,2.75,4.08
2023-02-25,West,Geothermal,23.71,19.7,12.52,16.15,7.74,170,1254.74,2.3,4.01
31-Jan-2022,South,Solar,90.45,62.51,39.3,21.8,43.76,500,6004.9,8.3,27.94
2022-11-27,North,Solar,74.06,52.22,34.87,22.34,33.91,500,3086.65,12.27,
02-Mar-2022,North,Biomass,44.1,,23.57,23.98,13.76,200,1793.03,7.7,11.75
03-27-2023,North,Hydro,93.48,74.4,27.69,92.64,33.93,320,4186.1,,19.08
17-Oct-2024,West,Solar,140.42,122.22,62.75,20.2,71.35,540,8972.56,9.69,18.2
30/07/2022,West,Solar,221.51,164.65,,23.23,116.68,500,8919.53,41.36,56.86
2023/04/26,South,Biomass,64.97,41.35,32.52,27.23,20.66,220,4475.1,10.61,23.62
10-17-2024,Central,Wind,148.86,93.94,59.1,33.43,83.06,,7641.23,10.19,54.92
2023/09/23,East,Wind,118.18,101.05,46.27,38.01,68.66,620,7511.59,11.92,17.13
10-17-2024,East,Wind,174.08,150.35,66.9,32.65,,640,12084.83,23.63,23.73
21-Jan-2024,South,Biomass,59.31,48.58,32.78,23.2,19.12,240,3116.41,3.05,10.73
2022/01/31,East,Geothermal,39.72,25.02,18.86,15.17,13.67,150,2299.14,5.67,14.7
24-Aug-2023,South,Solar,258.96,187.45,105.0,23.72,121.35,520,13112.69,16.88,71.51
21/01/2024,West,Hydro,61.11,55.38,19.25,95.53,22.19,340,2497.27,11.25,5.73
22/11/2023,West,Solar,97.32,75.12,,20.79,51.02,,5160.09,,22.2
09-23-2023,North,Biomass,53.42,49.96,31.85,22.8,15.54,220,3497.01,9.62,3.46
26-Jan-2023,North,Hydro,58.63,46.16,19.32,87.0,22.53,320,2442.28,11.7,12.47
05-31-2022,South,Hydro,67.81,42.76,20.06,91.03,,300,2922.53,4.3,25.05
2022/06/30,South,Hydro,98.29,73.55,28.91,92.53,39.61,300,4381.81,6.15,24.74
2023/08/24,South,Geothermal,37.62,29.3,17.87,15.8,14.13,170,2626.92,3.28,8.32
24/08/2023,West,Hydro,123.68,86.23,34.38,96.72,45.03,320,8583.48,24.54,37.45
2023/05/26,Central,Wind,94.53,67.37,35.02,,59.16,620,5184.38,8.53,27.16
11-22-2023,East,Biomass,53.29,47.45,26.77,22.65,16.73,220,2502.03,7.98,5.84
04-20-2024,East,Hydro,145.56,,47.2,92.52,56.23,340,8734.96,12.76,20.91
20/05/2024,North,Biomass,62.98,48.77,34.88,27.38,17.37,240,3810.0,4.61,14.21
2023/03/27,West,Biomass,51.82,41.31,29.43,23.56,17.09,220,2079.21,8.55,10.51
19-Jun-2024,East,Hydro,141.81,98.53,39.97,89.95,52.85,340,9202.53,25.25,43.28
2023/09/23,West,Geothermal,23.88,20.37,,13.93,8.63,170,1545.16,3.82,3.51
2024-01-21,North,Solar,74.87,60.99,32.54,22.46,33.84,540,4617.0,12.75,13.88
24-Aug-2023,South,Wind,66.69,48.52,27.33,,38.17,620,4647.03,9.9,18.17
2023-06-25,Central,Hydro,156.95,145.07,49.3,85.36,56.94,320,10106.61,22.7,11.88
03-02-2022,West,Solar,148.72,118.19,68.08,22.27,71.83,500,6494.15,15.32,30.53
2024-01-21,North,Biomass,53.1,41.93,31.65,22.98,16.21,240,2747.06,9.28,11.17
2022-04-01,North,Geothermal,29.2,24.43,13.83,14.83,9.78,150,1823.72,3.43,4.77
27/03/2023,East,Geothermal,,26.38,18.6,15.51,13.52,170,2232.68,,10.05
2022/11/27,South,Wind,122.94,93.77,50.88,31.97,76.13,600,7362.81,22.98,29.17
2024/02/20,South,Biomass,55.08,42.97,30.99,26.86,16.31,240,2971.17,3.08,
21-Jan-2024,South,Solar,118.95,89.98,53.28,20.28,57.22,540,5271.05,17.19,28.97
2022/01/31,North,Wind,268.25,216.86,111.11,37.74,164.58,600,16518.36,33.72,51.39
18-Aug-2024,South,Biomass,71.73,56.19,38.05,25.0,22.02,240,4672.96,10.11,15.54
19/06/2024,East,Wind,82.48,71.15,,31.67,45.92,640,4082.9,16.37,11.33
2022-08-29,North,Solar,163.58,135.57,66.54,22.83,80.43,500,8409.26,21.61,28.01
19/06/2024,North,Wind,,96.33,53.57,38.14,74.38,640,7855.91,22.98,38.92
2023/03/27,Central,Geothermal,51.68,37.44,,15.81,16.34,170,3215.3,6.17,14.24
2024/04/20,West,Biomass,46.47,36.99,23.91,25.59,12.76,240,1988.96,7.28,9.48
04-26-2023,East,Wind,149.91,113.17,60.04,36.52,,620,6309.33,15.1,36.74
19-Jun-2024,South,Geothermal,38.46,33.37,20.06,13.54,14.12,190,1640.2,5.32,5.09
11-16-2024,North,Wind,255.97,231.19,88.37,34.32,,640,15427.96,25.85,24.78
2022/07/30,South,Biomass,65.41,54.76,36.84,23.1,20.63,200,2955.64,12.93,10.65
25-Feb-2023,West,Solar,112.63,83.2,50.91,22.78,52.03,520,5839.23,17.37,29.43
01-Apr-2022,West,Biomass,49.37,30.9,29.72,25.71,14.66,200,2982.11,5.02,18.47
25/06/2023,North,Wind,110.98,103.18,41.48,34.57,71.29,620,4539.43,7.86,7.8
31/01/2022,East,Wind,176.78,121.12,69.38,34.08,107.2,600,8894.28,35.27,55.66
25/06/2023,West,Biomass,47.86,30.03,27.51,24.06,14.99,220,2266.06,3.66,17.83
05-20-2024,East,Solar,226.77,214.41,108.71,21.44,121.05,540,9375.28,16.16,12.36
17-Sep-2024,Central,Hydro,143.17,87.94,46.55,88.56,59.08,340,6882.39,8.28,55.23
01-21-2024,West,Wind,228.99,138.44,83.07,36.03,,640,11895.76,45.65,90.55
2024-09-17,North,Solar,157.18,145.26,64.46,21.59,77.52,540,8240.43,30.93,11.92
02-25-2023,South,Solar,122.87,94.88,57.37,20.88,56.76,520,5936.65,24.47,27.99
11-27-2022,West,Solar,105.46,65.29,47.62,20.43,56.21,500,5647.48,16.7,40.17
08-18-2024,East,Geothermal,38.07,28.9,19.84,15.64,12.42,190,2214.92,2.14,9.17
02-20-2024,East,Hydro,,60.74,29.33,85.95,,340,4098.69,11.26,29.2
02/03/2022,West,Hydro,74.56,64.63,24.25,87.32,27.92,300,3302.82,11.08,9.93
2024/05/20,South,Wind,74.51,58.26,29.24,33.74,44.95,640,4265.89,9.67,16.25
23/10/2023,West,Wind,177.83,111.38,67.5,32.99,110.34,620,9610.74,19.16,66.45
24/08/2023,Central,Geothermal,54.21,36.79,,14.35,17.37,170,2711.14,5.64,17.42
2023-12-22,Central,Geothermal,48.13,34.32,24.91,14.73,,170,2539.15,4.29,13.81
2023-01-26,Central,Solar,76.15,69.25,31.44,21.52,35.63,520,,4.69,6.9
2023/12/22,Central,Solar,79.4,71.02,36.88,23.66,36.01,520,4687.37,4.06,8.38
2022/12/27,South,Solar,92.34,57.71,42.49,21.29,45.65,500,4053.93,11.14,34.63
31/05/2022,South,Biomass,67.42,44.45,36.2,23.19,19.42,200,3694.19,4.01,22.97
20-Feb-2024,East,Biomass,56.07,52.79,29.72,23.61,15.2,240,2788.82,3.34,
27-Nov-2022,Central,Biomass,56.99,40.85,31.72,25.69,,200,2623.57,5.26,16.14
24-Aug-2023,West,Geothermal,29.76,20.54,15.26,15.31,9.8,170,1585.18,2.94,9.22
18-Aug-2024,Central,Hydro,139.1,116.05,44.33,87.17,58.18,340,7116.84,16.74,23.05
12-22-2023,East,Hydro,70.01,44.9,20.62,90.09,26.03,320,3838.37,12.76,25.11
2023-05-26,West,Biomass,46.92,32.45,23.75,26.66,13.05,220,2798.59,8.57,14.47
23/10/2023,South,Solar,151.86,91.65,63.95,22.3,77.55,520,6217.68,29.82,
2024/03/21,North,Biomass,62.62,56.13,34.7,22.9,19.91,240,3343.84,8.04,6.49
2022/09/28,East,Solar,147.52,97.1,71.99,22.07,72.37,500,10190.28,21.49,50.42
2023-12-22,West,Geothermal,29.94,26.39,15.7,14.17,9.59,170,,3.0,3.55
2022/01/31,South,Geothermal,43.3,33.03,23.06,15.28,14.62,150,2050.9,8.24,10.27
01-26-2023,East,Biomass,46.31,41.59,25.26,23.36,13.46,220,3083.89,6.51,4.72
31/01/2022,East,Biomass,51.55,44.51,26.1,22.56,14.8,200,2802.33,5.21,7.04
05-31-2022,North,Geothermal,25.64,17.24,11.91,15.96,9.55,150,1740.09,2.43,8.4
2022-06-30,East,Hydro,144.7,130.68,45.78,86.59,53.09,300,7770.74,15.24,14.02
2022/01/01,West,Wind,195.48,162.68,80.8,32.44,108.27,600,8446.9,26.0,32.8
2024/07/19,West,Solar,254.78,153.79,106.13,23.6,134.55,540,,29.72,100.99
2022/11/27,Central,Solar,98.08,78.15,48.25,23.1,47.67,500,4028.66,16.21,19.93
10-23-2023,North,Geothermal,29.25,19.4,13.39,16.03,11.08,170,1352.5,1.9,9.85
22-Dec-2023,Central,Biomass,54.35,41.45,28.81,23.07,16.95,220,3323.21,9.02,12.9
21-Jan-2024,East,Biomass,60.57,43.2,35.95,22.76,18.21,240,3221.76,9.07,17.37
2023-05-26,West,Solar,209.19,139.82,88.49,23.8,110.56,520,10511.08,31.42,69.37
2022/09/28,West,Solar,182.71,133.01,78.53,22.79,96.01,500,9573.43,30.62,49.7
2022-10-28,Central,Geothermal,44.46,29.11,21.19,16.17,14.78,150,2120.18,4.23,15.35
18-Aug-2024,West,Biomass,43.24,30.39,25.31,25.26,,240,3002.62,7.66,12.85
2023-12-22,North,Geothermal,32.59,23.68,16.81,15.85,12.11,170,1898.04,2.24,8.91
2023-10-23,Central,Solar,125.35,113.93,58.66,21.58,61.33,520,5840.89,,11.42
2022-01-31,West,Solar,,64.86,40.88,22.71,44.9,500,4359.12,5.91,31.55
22-Dec-2023,South,Biomass,64.23,45.15,32.01,24.34,18.46,220,2858.36,8.91,19.08
25/06/2023,West,Hydro,119.08,100.47,33.74,96.71,47.84,320,5418.9,17.2,18.61
2024/08/18,Central,Solar,229.21,217.64,95.99,23.43,110.71,540,14079.94,,
11-22-2023,South,Wind,120.04,107.53,42.2,36.19,71.49,620,7549.3,15.33,12.51
2024/05/20,North,Geothermal,36.84,32.34,17.02,16.3,14.02,190,1592.71,5.62,4.5
05-31-2022,West,Hydro,90.56,73.71,27.64,87.26,38.73,300,5299.65,15.58,16.85
2023/11/22,South,Geothermal,38.98,31.75,19.25,15.47,12.61,170,1730.22,2.08,7.23
20/04/2024,East,Wind,154.24,129.87,62.06,36.81,87.45,640,6646.43,30.79,24.37
2022/07/30,North,Biomass,52.26,43.92,26.8,22.87,16.76,200,2552.76,5.11,8.34
20/02/2024,West,Wind,203.5,189.68,71.51,34.27,115.05,640,8815.41,19.01,13.82
23/09/2023,East,Solar,148.49,130.47,66.51,23.62,67.38,520,6657.8,22.62,18.02
2022-03-02,Central,Geothermal,46.55,36.19,23.1,15.16,17.24,150,3113.09,5.47,10.36
2022-06-30,North,Biomass,48.45,35.3,25.58,24.41,15.45,200,3209.08,7.09,13.15
2023/11/22,South,Biomass,59.89,38.34,29.65,25.52,16.61,220,2569.63,4.83,21.55
20-May-2024,Central,Solar,203.27,143.8,89.51,21.87,102.51,540,10889.09,37.75,59.47
2022/10/28,Central,Wind,139.72,104.14,48.9,35.97,81.45,600,7511.57,20.93,35.58
07-19-2024,East,Solar,230.25,164.38,110.58,21.44,125.19,540,12823.46,39.81,65.87
01/05/2022,South,Hydro,66.66,49.64,20.87,82.81,28.11,300,2676.76,8.84,17.02
10-17-2024,North,Solar,98.29,80.18,47.68,22.91,46.74,540,5716.32,4.94,18.11
19-Jul-2024,North,Biomass,58.77,55.03,29.72,24.34,,240,4062.66,9.48,3.74
2023/01/26,West,Biomass,36.67,26.7,20.77,26.02,11.13,220,2317.81,2.59,9.97
20-May-2024,West,Hydro,109.5,90.41,31.42,92.09,43.36,340,6837.41,16.69,19.09
2023/02/25,Central,Geothermal,51.52,39.48,24.26,15.89,18.58,170,2527.33,8.79,
21/03/2024,North,Solar,94.4,66.3,41.5,22.6,42.74,540,4375.43,9.01,28.1
2024/03/21,Central,Solar,154.08,97.46,64.83,23.82,80.5,540,6725.76,25.19,56.62
26/04/2023,North,Hydro,118.49,,36.44,95.22,44.47,320,5809.27,14.16,29.32
04-01-2022,East,Biomass,51.81,42.01,28.07,25.95,15.08,200,2138.23,9.35,9.8
2022/06/30,East,Biomass,65.23,44.73,,24.55,18.52,200,3287.12,11.48,20.5
2024/03/21,West,Solar,143.92,114.85,71.18,24.02,77.33,540,7168.96,18.83,29.07
26/01/2023,East,Solar,69.6,45.39,33.47,23.81,34.78,520,3117.58,13.11,24.21
25/02/2023,South,Hydro,63.5,42.17,17.51,94.55,25.62,320,4202.0,,21.33
2024-01-21,West,Geothermal,23.91,21.25,11.96,15.69,7.67,,1274.45,2.18,2.66
2022-09-28,North,Geothermal,33.08,,15.35,,11.03,150,2202.8,2.03,3.29
07-30-2022,South,Geothermal,37.84,32.33,,13.76,13.39,150,2140.29,6.75,5.51
07-19-2024,West,Hydro,111.47,80.15,34.67,96.22,42.17,340,5945.81,17.29,31.32
20-Feb-2024,Central,Geothermal,52.46,41.91,26.73,15.78,17.07,190,2552.33,4.36,10.55
2022-04-01,East,Wind,,124.67,50.14,33.67,,600,8831.32,16.58,12.33
31/05/2022,Central,Hydro,132.38,116.75,40.27,90.58,53.98,300,5963.89,26.06,15.63
23/10/2023,North,Biomass,49.3,38.82,25.73,26.4,15.64,220,3111.41,7.34,10.48
10-17-2024,North,Geothermal,31.05,21.07,14.6,16.09,11.61,190,2139.51,2.81,9.98
01-Jan-2022,North,Hydro,55.04,38.67,16.94,96.94,21.41,300,2519.11,3.33,16.37
25-Feb-2023,Central,Biomass,55.93,46.0,33.68,22.88,17.95,220,2596.41,5.02,9.93
01-Jan-2022,West,Solar,88.09,70.21,36.47,22.17,44.1,500,3873.64,9.02,17.88
30-Jun-2022,North,Solar,184.37,142.55,80.03,,93.06,500,,32.79,41.82
23-Sep-2023,South,Solar,206.73,137.24,97.56,23.09,107.47,520,,23.1,69.49
2023/04/26,East,Geothermal,34.99,28.78,15.83,16.17,12.34,170,1671.15,6.12,6.21
2022-09-28,West,Wind,137.52,104.01,54.34,32.63,77.8,,7153.35,13.86,33.51
24-Aug-2023,South,Biomass,56.03,52.4,32.62,23.13,,220,2264.14,8.55,3.63
2024-06-19,South,Solar,341.6,206.11,138.76,23.35,183.44,540,19991.74,25.09,135.49
2022-03-02,East,Hydro,98.56,,30.25,94.09,42.65,300,5890.64,9.39,31.78
20/04/2024,West,Wind,161.18,145.42,63.06,36.68,101.61,640,10223.49,12.22,15.76
25/07/2023,East,Geothermal,35.39,33.41,18.33,14.0,11.29,170,1793.12,4.29,1.98
16/11/2024,Central,Wind,170.49,115.64,58.39,37.47,100.95,640,8817.78,31.16,54.85
01/05/2022,Central,Wind,78.76,57.65,30.56,31.78,43.22,600,5051.63,10.88,21.11
19/06/2024,Central,Hydro,154.87,99.17,50.28,,58.72,340,9190.41,20.7,55.7
2023/04/26,East,Hydro,143.87,107.44,46.49,93.61,61.85,320,8869.09,13.96,36.43
2023/05/26,East,Biomass,57.66,36.67,32.32,22.84,18.3,220,2641.31,7.84,20.99
02-20-2024,North,Wind,269.96,199.84,92.91,35.09,175.66,640,17978.76,52.58,70.12
05-20-2024,East,Wind,104.86,,42.43,,67.23,640,4790.52,17.5,41.57
2024/11/16,South,Biomass,55.7,37.93,30.82,24.21,15.13,240,2460.76,11.11,17.77
12-22-2023,North,Hydro,72.31,58.34,22.81,87.14,30.83,320,3834.04,8.25,13.97
04-20-2024,West,Geothermal,28.44,,13.72,14.17,10.6,190,1347.4,2.08,1.71
2023-08-24,North,Geothermal,29.52,22.7,14.07,13.51,10.6,170,1529.39,5.56,
01/01/2022,Central,Biomass,60.53,42.69,33.61,22.5,17.39,200,3201.83,8.29,17.84
2024-06-19,South,Wind,65.75,55.98,22.94,34.53,40.91,640,3044.66,10.36,9.77
2023-06-25,East,Solar,231.84,140.01,,21.74,108.45,520,14242.48,42.64,91.83
19-Jul-2024,West,Wind,79.39,60.19,32.3,31.78,48.6,640,4191.95,12.15,19.2
09-28-2022,South,Geothermal,41.22,36.52,21.27,14.74,13.94,150,1788.95,6.24,4.7
26/01/2023,Central,Wind,176.06,131.52,70.08,31.65,99.07,620,7158.79,29.98,44.54
31-Jan-2022,North,Geothermal,27.47,20.67,12.44,,9.96,150,,2.05,6.8
2023/04/26,West,Biomass,52.4,33.61,27.16,24.87,16.49,,3580.08,5.52,18.79
2023-01-26,North,Wind,257.83,178.74,101.9,37.83,157.01,620,,49.24,79.09
21-Mar-2024,Central,Hydro,,96.96,32.45,97.15,,340,6766.64,7.92,6.47
2023-10-23,South,Wind,116.12,100.6,41.62,34.05,75.23,620,4747.56,8.22,15.52
30-Jul-2022,South,Wind,,42.62,24.04,34.21,35.96,600,3164.8,4.8,18.9
23/09/2023,North,Hydro,100.31,79.47,30.33,89.87,40.41,320,4704.88,6.27,20.84
01/05/2022,West,Hydro,82.08,,25.73,83.03,,300,4315.54,,5.9
2022-09-28,Central,Biomass,57.59,36.14,34.56,24.96,15.57,200,3784.39,11.16,21.45
10-23-2023,North,Hydro,77.49,49.02,22.96,92.32,31.57,320,3164.27,12.1,28.47
16/11/2024,Central,Solar,114.04,100.64,49.41,21.28,61.85,540,4972.78,20.13,13.4
2023-05-26,East,Wind,106.77,85.7,37.21,31.92,58.08,620,5274.27,18.91,21.07
2024/07/19,North,Wind,108.44,78.76,37.53,35.88,65.93,640,7214.67,9.53,29.68
09-28-2022,East,Geothermal,36.03,28.47,17.14,13.52,13.22,150,1448.89,4.63,7.56
26-May-2023,Central,Biomass,64.37,48.57,33.74,22.88,20.86,220,3143.54,8.06,15.8
22/12/2023,Central,Wind,198.83,125.47,,36.56,112.48,620,10543.87,24.58,73.36
20/04/2024,North,Biomass,49.42,35.23,27.57,24.92,14.36,240,2908.93,8.53,14.19
2024-05-20,Central,Biomass,75.42,69.25,42.17,26.64,22.51,240,4608.77,7.05,6.17
08-18-2024,North,Hydro,134.05,90.08,42.55,95.95,50.22,340,7965.83,16.7,43.97
19-Jun-2024,North,Hydro,121.69,80.12,37.6,93.61,46.37,,8504.26,12.25,
26/01/2023,Central,Biomass,67.68,57.02,38.46,23.27,,220,2790.75,6.6,10.66
17-Oct-2024,South,Hydro,64.13,56.54,19.57,92.32,26.52,340,4413.4,8.64,7.59
11-22-2023,East,Wind,200.89,153.43,79.74,33.44,132.15,620,10191.64,35.83,47.46
16/11/2024,East,Geothermal,43.52,37.0,21.56,14.27,16.17,190,2266.77,6.08,6.52
05-26-2023,North,Geothermal,26.93,22.68,13.86,13.51,9.38,170,1805.48,4.06,
2023-09-23,South,Wind,89.53,66.99,37.07,34.68,55.99,620,4274.31,12.16,22.54
28-Oct-2022,West,Hydro,,46.78,19.74,81.01,27.78,300,3472.19,5.26,20.81
07-30-2022,Central,Biomass,61.34,39.01,33.76,24.03,16.8,200,2537.73,11.79,22.33
2024-01-21,West,Biomass,49.33,34.39,29.04,25.78,15.5,240,,7.44,14.94
18/08/2024,Central,Wind,77.94,,29.13,37.28,43.51,640,4396.73,6.88,15.65
30-Jul-2022,East,Wind,,54.96,22.15,33.16,37.96,600,4078.47,11.13,5.35
09-23-2023,Central,Geothermal,53.88,49.56,26.47,15.96,19.63,170,3353.2,2.76,4.32
22-Dec-2023,North,Biomass,46.17,39.32,26.76,23.8,15.13,220,2494.1,9.18,6.85
24/08/2023,North,Biomass,55.25,50.2,30.53,23.63,15.17,220,3601.32,7.02,5.05
01/04/2022,West,Geothermal,23.53,15.45,12.79,14.18,8.97,150,1307.49,2.18,8.08
20-Feb-2024,North,Geothermal,33.96,26.72,16.46,15.51,,190,1385.8,6.21,7.24
2022-06-30,West,Solar,233.36,218.77,99.48,20.95,112.36,500,14940.76,36.2,14.59
2022/01/01,East,Geothermal,32.34,26.13,16.56,14.76,11.51,150,1800.8,6.15,6.21
17-Sep-2024,Central,Geothermal,42.15,33.01,20.12,15.88,15.57,190,1923.16,5.57,9.14
30-Jul-2022,West,Wind,,67.27,31.71,33.62,53.28,600,5192.15,12.18,21.17
06-30-2022,Central,Geothermal,39.05,25.45,20.32,13.92,12.6,150,2178.55,4.09,13.6
2024/10/17,East,Biomass,54.6,48.87,29.55,22.92,15.26,240,2303.92,6.13,5.73
2024/09/17,Central,Biomass,80.93,73.91,42.26,24.17,22.75,240,5466.41,12.55,7.02
2023-08-24,East,Wind,,57.64,30.16,33.96,49.0,620,4117.4,4.74,25.38
18/08/2024,South,Geothermal,46.84,42.83,22.86,,17.9,190,,6.3,4.01
2024/06/19,South,Biomass,,50.74,38.55,23.59,19.43,240,3431.87,5.87,17.43
06-25-2023,Central,Geothermal,50.57,43.66,27.43,16.11,16.32,,2891.51,8.58,6.91
31-May-2022,Central,Solar,195.78,170.41,88.02,22.05,99.31,500,9404.62,25.74,25.37
01/05/2022,East,Solar,153.76,110.4,66.36,22.77,72.16,500,8968.61,22.42,
23-Sep-2023,Central,Hydro,124.32,82.29,38.0,90.77,48.55,320,8124.65,19.06,42.03
25-Jul-2023,South,Wind,52.0,39.32,18.24,36.14,29.58,620,2410.16,8.48,12.68
26/04/2023,South,Hydro,79.59,71.7,23.89,95.52,30.8,320,3455.72,6.69,7.89
2024-11-16,North,Solar,73.09,54.59,34.32,21.42,38.19,540,4082.05,6.0,18.5
28-Oct-2022,South,Wind,111.6,67.99,41.53,36.85,61.38,600,5342.69,8.18,
2024/03/21,Central,Biomass,69.67,45.64,35.81,27.18,22.85,240,4337.58,11.95,24.03
2024-11-16,North,Geothermal,28.94,24.57,14.34,14.9,10.9,190,1265.06,1.66,
25/06/2023,East,Hydro,145.67,89.65,43.81,95.68,56.2,320,,20.93,
28-Sep-2022,West,Hydro,77.13,53.38,22.54,91.96,32.24,300,5238.71,,23.75
02/03/2022,North,Geothermal,30.96,22.39,15.9,15.36,11.22,150,1908.0,4.61,8.57
27/11/2022,West,Wind,214.03,135.17,78.47,36.04,133.85,600,9614.19,34.24,78.86
27-Nov-2022,South,Hydro,62.16,48.86,17.48,90.01,24.66,300,4213.86,3.31,13.3
26-May-2023,West,Wind,130.87,120.23,49.69,37.94,80.7,620,7956.45,15.7,
2022/04/01,Central,Wind,109.62,102.48,41.51,37.13,68.21,600,5362.94,6.68,7.14
31-Jan-2022,West,Geothermal,23.41,21.79,12.44,15.15,8.12,150,1157.29,2.31,1.62
2023-08-24,Central,Hydro,170.76,108.81,53.65,87.09,71.14,320,7866.85,20.84,61.95
27-Dec-2022,North,Wind,228.37,146.36,91.68,33.66,146.83,600,13997.98,20.72,
26-Apr-2023,South,Solar,193.12,130.72,94.01,21.29,98.53,520,12605.72,28.69,62.4
31-May-2022,West,Geothermal,22.27,19.72,12.17,,7.79,150,1348.25,2.5,2.55
01-31-2022,Central,Biomass,64.99,61.3,33.88,24.41,20.89,200,3400.49,6.35,3.69
2023-01-26,South,Solar,90.41,58.73,,21.87,48.98,520,3740.63,14.03,31.68
22-Nov-2023,West,Hydro,74.74,,20.75,90.31,27.51,320,4107.81,4.31,15.01
2022-06-30,Central,Hydro,154.33,143.79,47.0,98.69,60.35,300,10503.11,30.67,10.54
20/05/2024,West,Biomass,,45.64,32.45,23.3,19.5,240,3283.56,5.89,16.37
2022/03/02,North,Solar,92.54,65.78,43.46,23.14,49.72,500,3801.26,5.58,26.76
2023-12-22,South,Wind,169.2,112.43,64.38,,97.81,620,9577.1,,56.77
10-28-2022,Central,Solar,139.3,86.42,64.15,22.13,72.91,500,9059.19,8.59,52.88
27-Dec-2022,East,Geothermal,38.78,35.4,20.15,16.29,,150,2079.84,4.41,3.38
2022-12-27,North,Biomass,44.45,37.77,,22.52,14.49,200,2694.18,6.18,6.68
2023/10/23,South,Biomass,67.67,59.93,38.13,,20.01,220,3858.16,7.18,7.74
2024/03/21,South,Biomass,62.15,53.96,33.99,25.92,20.24,240,2878.09,9.37,8.19
01-Apr-2022,North,Wind,151.51,129.28,59.38,37.84,97.69,600,7575.63,20.82,22.23
2023-06-25,South,Biomass,69.39,60.57,37.48,23.32,19.6,220,,3.75,8.82
2022-08-29,Central,Biomass,58.72,40.41,29.52,26.61,,200,3066.89,6.91,
2022/07/30,West,Geothermal,22.61,14.34,10.46,14.28,8.4,150,1421.89,1.75,8.27
05-01-2022,Central,Geothermal,41.72,37.03,22.81,15.43,14.57,150,1879.36,,4.69
27/03/2023,East,Solar,133.09,118.37,63.48,20.67,65.41,520,6049.83,24.15,14.72
16/11/2024,East,Hydro,91.2,86.13,29.17,86.23,39.86,340,3964.91,8.72,5.07
22/11/2023,East,Hydro,78.41,67.97,22.6,88.09,33.97,320,4653.95,8.35,10.44
2023/10/23,South,Geothermal,40.14,24.5,18.79,14.47,14.87,,2036.4,2.44,15.64
24-Aug-2023,South,Hydro,102.54,93.86,28.67,84.58,40.85,320,6148.02,9.22,8.68
2024-11-16,South,Geothermal,38.62,35.79,20.06,16.07,12.96,190,2146.9,4.29,2.83
16/11/2024,West,Biomass,,39.01,28.3,25.31,13.52,240,3220.41,4.62,
26-Jan-2023,North,Solar,56.92,43.95,23.79,23.18,26.86,520,3375.36,10.64,12.97
21-Mar-2024,East,Solar,114.39,85.0,52.98,20.42,,540,5516.6,19.76,29.39
09-23-2023,North,Solar,143.79,100.72,69.56,20.99,71.88,520,7343.84,12.91,43.07
2024-09-17,West,Geothermal,29.86,24.58,14.17,15.11,10.3,190,1229.28,1.97,5.28
2022/09/28,West,Biomass,42.11,,23.62,25.08,11.96,200,1898.51,2.33,16.35
2023/05/26,South,Hydro,80.7,64.01,24.98,91.18,33.46,320,4596.2,4.83,16.69
19/06/2024,West,Biomass,54.83,42.57,,24.38,17.11,240,3595.81,5.19,12.26
2022-08-29,Central,Geothermal,43.08,33.43,,15.56,15.4,150,2087.03,8.14,9.65
2022/05/01,West,Solar,234.24,217.16,96.32,23.91,106.15,500,12242.79,38.73,17.08
2023/03/27,East,Biomass,56.9,39.09,31.81,25.74,15.66,220,3076.38,10.28,17.81
2022-01-01,North,Solar,51.45,,21.87,23.04,,500,3435.08,3.24,15.63
06-30-2022,West,Hydro,100.76,62.18,29.01,95.76,37.68,300,6908.4,17.95,38.58
22/12/2023,West,Hydro,55.07,50.73,18.14,,23.9,320,3303.81,3.92,
04-01-2022,South,Solar,216.69,168.16,95.92,20.51,101.84,500,12598.34,39.21,48.53
01-May-2022,North,Geothermal,30.23,21.46,14.13,16.24,10.25,150,1530.5,5.01,8.77
03-21-2024,West,Geothermal,25.3,,13.34,13.58,9.52,,1728.79,1.73,1.97
30/06/2022,West,Biomass,,39.66,30.65,25.72,16.56,200,2594.1,9.34,
10-17-2024,West,Geothermal,23.85,19.58,13.04,13.58,7.76,190,1206.81,2.55,4.27
2022/08/29,South,Geothermal,40.75,33.79,20.2,14.52,15.19,150,2628.28,7.2,
01/01/2022,East,Solar,75.88,64.74,36.76,22.34,35.99,500,4111.88,8.43,11.14
25-Jul-2023,North,Solar,177.72,147.34,83.7,20.55,86.63,520,10862.5,14.16,30.38
01-Apr-2022,South,Wind,,72.35,41.67,38.12,62.92,600,,11.37,38.69
23-Oct-2023,South,Hydro,64.88,60.42,21.11,85.5,24.38,320,4241.92,10.23,4.46
25-Jul-2023,North,Biomass,54.25,51.07,,26.53,14.66,220,3586.81,5.98,3.18
01-May-2022,East,Wind,90.22,77.93,37.4,33.61,56.55,600,3639.75,13.36,12.29
04-26-2023,East,Solar,147.42,97.29,63.23,22.95,72.46,520,8680.56,12.8,50.13
25-Feb-2023,North,Biomass,42.14,33.94,21.26,23.54,12.58,220,2782.33,8.34,8.2
2024-11-16,Central,Hydro,83.67,52.14,25.24,92.02,31.99,340,4082.35,11.8,31.53
30-Jul-2022,North,Solar,175.52,116.01,86.39,22.85,95.29,500,11164.78,14.65,59.51
2024-05-20,South,Hydro,84.46,65.2,24.43,89.71,33.03,340,4639.26,14.19,19.26
25/02/2023,West,Wind,222.05,189.59,80.64,36.49,135.41,620,10700.41,37.4,32.46
2022-12-27,Central,Wind,160.02,125.77,59.03,37.41,98.13,600,9531.11,14.54,34.25
31-May-2022,East,Solar,205.31,144.13,95.99,21.96,104.21,500,9705.56,21.85,61.18
01/04/2022,West,Wind,159.24,120.74,65.34,34.62,87.67,600,9627.31,28.16,38.5
28-Sep-2022,East,Hydro,120.77,98.06,33.89,97.23,49.27,,8010.99,15.67,22.71
2023/06/25,East,Geothermal,34.81,28.57,17.02,16.27,12.84,,1531.22,2.66,6.24
2022/08/29,South,Hydro,101.7,82.84,27.53,97.82,40.73,300,5499.8,12.65,18.86
2022-08-29,North,Biomass,54.7,49.56,,24.3,16.99,200,2887.06,3.69,5.14
30/07/2022,Central,Geothermal,51.05,47.04,25.03,14.19,,150,2242.94,8.17,
